dataset,video,event_id,onset,duration
BMC,111,0,0,1499
BMC,112,0,0,1502
BMC,121,0,0,1499
BMC,122,0,0,1503
BMC,211,0,0,1499
BMC,212,0,0,1499
BMC,221,0,0,1499
BMC,222,0,0,1499
BMC,311,0,0,180
BMC,311,1,181,1318
BMC,312,0,0,603
BMC,312,1,604,895
BMC,321,0,0,40
BMC,321,1,41,1458
BMC,322,0,4,1
BMC,322,1,6,5
BMC,322,2,13,1
BMC,322,3,17,3
BMC,322,4,23,19
BMC,322,5,44,6
BMC,322,6,51,2
BMC,322,7,54,4
BMC,322,8,59,2
BMC,322,9,63,2
BMC,322,10,73,2
BMC,322,11,77,21
BMC,322,12,99,2
BMC,322,13,102,1
BMC,322,14,105,20
BMC,322,15,126,1
BMC,322,16,128,2
BMC,322,17,131,1
BMC,322,18,134,1
BMC,322,19,136,3
BMC,322,20,141,2
BMC,322,21,147,3
BMC,322,22,151,1
BMC,322,23,154,2
BMC,322,24,157,94
BMC,322,25,252,12
BMC,322,26,267,7
BMC,322,27,275,3
BMC,322,28,279,39
BMC,322,29,319,1
BMC,322,30,321,1
BMC,322,31,323,29
BMC,322,32,355,23
BMC,322,33,379,2
BMC,322,34,383,9
BMC,322,35,397,836
BMC,322,36,1234,59
BMC,322,37,1294,31
BMC,322,38,1326,3
BMC,322,39,1330,23
BMC,322,40,1354,17
BMC,322,41,1372,12
BMC,322,42,1385,15
BMC,322,43,1401,2
BMC,322,44,1404,13
BMC,322,45,1418,83
BMC,411,0,0,5
BMC,411,1,6,2
BMC,411,2,9,4
BMC,411,3,15,1
BMC,411,4,19,1
BMC,411,5,21,32
BMC,411,6,54,42
BMC,411,7,99,1
BMC,411,8,101,1
BMC,411,9,103,2
BMC,411,10,107,6
BMC,411,11,114,64
BMC,411,12,182,8
BMC,411,13,191,2
BMC,411,14,200,2
BMC,411,15,205,2
BMC,411,16,210,1
BMC,411,17,216,1
BMC,411,18,219,2
BMC,411,19,223,13
BMC,411,20,237,19
BMC,411,21,257,6
BMC,411,22,264,1
BMC,411,23,266,7
BMC,411,24,274,3
BMC,411,25,279,46
BMC,411,26,326,1
BMC,411,27,329,1
BMC,411,28,331,4
BMC,411,29,337,5
BMC,411,30,343,15
BMC,411,31,359,125
BMC,411,32,485,243
BMC,411,33,729,29
BMC,411,34,760,6
BMC,411,35,768,18
BMC,411,36,787,15
BMC,411,37,807,11
BMC,411,38,819,1
BMC,411,39,821,6
BMC,411,40,828,17
BMC,411,41,846,52
BMC,411,42,899,110
BMC,411,43,1010,10
BMC,411,44,1024,5
BMC,411,45,1030,1
BMC,411,46,1033,18
BMC,411,47,1052,4
BMC,411,48,1057,16
BMC,411,49,1074,20
BMC,411,50,1095,1
BMC,411,51,1097,11
BMC,411,52,1109,4
BMC,411,53,1114,1
BMC,411,54,1116,2
BMC,411,55,1119,7
BMC,411,56,1128,12
BMC,411,57,1142,10
BMC,411,58,1153,4
BMC,411,59,1158,2
BMC,411,60,1162,3
BMC,411,61,1169,72
BMC,411,62,1242,20
BMC,411,63,1265,234
BMC,412,0,0,589
BMC,412,1,590,16
BMC,412,2,607,1
BMC,412,3,609,2
BMC,412,4,612,4
BMC,412,5,617,4
BMC,412,6,622,2
BMC,412,7,627,4
BMC,412,8,632,2
BMC,412,9,635,8
BMC,412,10,645,7
BMC,412,11,653,3
BMC,412,12,657,3
BMC,412,13,661,2
BMC,412,14,664,86
BMC,412,15,751,1
BMC,412,16,753,11
BMC,412,17,765,4
BMC,412,18,770,2
BMC,412,19,776,30
BMC,412,20,808,6
BMC,412,21,817,2
BMC,412,22,820,5
BMC,412,23,826,2
BMC,412,24,829,16
BMC,412,25,846,1
BMC,412,26,848,2
BMC,412,27,853,2
BMC,412,28,856,14
BMC,412,29,871,4
BMC,412,30,876,1
BMC,412,31,878,1
BMC,412,32,880,3
BMC,412,33,884,1
BMC,412,34,889,1
BMC,412,35,891,1
BMC,412,36,894,3
BMC,412,37,898,1
BMC,412,38,901,2
BMC,412,39,904,3
BMC,412,40,908,104
BMC,412,41,1013,486
BMC,421,0,0,2
BMC,421,1,17,1
BMC,421,2,47,1
BMC,421,3,123,2
BMC,421,4,138,2
BMC,421,5,160,1
BMC,421,6,180,3
BMC,421,7,228,1
BMC,421,8,233,1
BMC,421,9,238,1
BMC,421,10,260,1
BMC,421,11,310,1
BMC,421,12,320,1
BMC,421,13,325,1
BMC,421,14,344,4
BMC,421,15,385,1
BMC,421,16,393,3
BMC,421,17,403,1
BMC,421,18,420,1
BMC,421,19,422,9
BMC,421,20,436,1
BMC,421,21,448,2
BMC,421,22,451,5
BMC,421,23,466,1
BMC,421,24,468,2
BMC,421,25,471,1
BMC,421,26,480,1
BMC,421,27,482,1
BMC,421,28,484,1
BMC,421,29,486,3
BMC,421,30,490,2
BMC,421,31,493,160
BMC,421,32,654,1
BMC,421,33,656,1
BMC,421,34,658,2
BMC,421,35,666,11
BMC,421,36,678,6
BMC,421,37,685,6
BMC,421,38,692,32
BMC,421,39,725,96
BMC,421,40,822,5
BMC,421,41,828,2
BMC,421,42,831,8
BMC,421,43,840,56
BMC,421,44,897,2
BMC,421,45,902,1
BMC,421,46,921,7
BMC,421,47,932,4
BMC,421,48,950,1
BMC,421,49,953,1
BMC,421,50,959,1
BMC,421,51,973,2
BMC,421,52,980,3
BMC,421,53,992,466
BMC,421,54,1459,40
BMC,422,0,0,11
BMC,422,1,12,668
BMC,422,2,681,6
BMC,422,3,693,7
BMC,422,4,701,6
BMC,422,5,708,2
BMC,422,6,712,1
BMC,422,7,714,1
BMC,422,8,716,1
BMC,422,9,718,1
BMC,422,10,720,1
BMC,422,11,723,11
BMC,422,12,736,3
BMC,422,13,740,2
BMC,422,14,743,2
BMC,422,15,747,1
BMC,422,16,749,1
BMC,422,17,752,2
BMC,422,18,755,1
BMC,422,19,759,10
BMC,422,20,770,64
BMC,422,21,835,51
BMC,422,22,887,5
BMC,422,23,893,3
BMC,422,24,897,5
BMC,422,25,903,2
BMC,422,26,906,12
BMC,422,27,919,4
BMC,422,28,924,1
BMC,422,29,926,1
BMC,422,30,929,1
BMC,422,31,931,1
BMC,422,32,936,563
BMC,511,0,0,1499
BMC,512,0,0,1499
BMC,521,0,0,269
BMC,521,1,270,47
BMC,521,2,318,10
BMC,521,3,329,1172
BMC,522,0,0,1499
CDnet2014,PETS2006,0,300,893
CDnet2014,PETS2006,1,1194,1
CDnet2014,PETS2006,2,1196,1
CDnet2014,abandonedBox,0,2450,126
CDnet2014,abandonedBox,1,2578,88
CDnet2014,abandonedBox,2,2667,162
CDnet2014,abandonedBox,3,2830,118
CDnet2014,abandonedBox,4,2949,2
CDnet2014,abandonedBox,5,2953,549
CDnet2014,abandonedBox,6,3503,6
CDnet2014,abandonedBox,7,3510,990
CDnet2014,backdoor,0,400,1600
CDnet2014,badminton,0,800,18
CDnet2014,badminton,1,819,18
CDnet2014,badminton,2,838,312
CDnet2014,blizzard,0,903,2
CDnet2014,blizzard,1,907,5
CDnet2014,blizzard,2,913,1
CDnet2014,blizzard,3,915,2
CDnet2014,blizzard,4,918,1
CDnet2014,blizzard,5,920,57
CDnet2014,blizzard,6,978,7
CDnet2014,blizzard,7,986,588
CDnet2014,blizzard,8,1576,5
CDnet2014,blizzard,9,1584,2
CDnet2014,blizzard,10,1592,1
CDnet2014,blizzard,11,1596,1
CDnet2014,blizzard,12,1598,2
CDnet2014,blizzard,13,1603,2
CDnet2014,blizzard,14,1608,3
CDnet2014,blizzard,15,1615,1
CDnet2014,blizzard,16,1620,7
CDnet2014,blizzard,17,1630,1
CDnet2014,blizzard,18,1634,5
CDnet2014,blizzard,19,1640,1
CDnet2014,blizzard,20,1642,3
CDnet2014,blizzard,21,1646,1
CDnet2014,blizzard,22,1675,1
CDnet2014,blizzard,23,1692,1
CDnet2014,blizzard,24,1699,1
CDnet2014,blizzard,25,1712,2
CDnet2014,blizzard,26,1717,1
CDnet2014,blizzard,27,1720,4
CDnet2014,blizzard,28,1725,6
CDnet2014,blizzard,29,1734,2
CDnet2014,blizzard,30,1737,103
CDnet2014,blizzard,31,1848,149
CDnet2014,blizzard,32,1998,4
CDnet2014,blizzard,33,2007,118
CDnet2014,blizzard,34,2128,1
CDnet2014,blizzard,35,2141,1
CDnet2014,blizzard,36,2143,1
CDnet2014,blizzard,37,2145,1
CDnet2014,blizzard,38,2147,1
CDnet2014,blizzard,39,2150,2
CDnet2014,blizzard,40,2153,1
CDnet2014,blizzard,41,2155,1
CDnet2014,blizzard,42,2157,3
CDnet2014,blizzard,43,2164,1
CDnet2014,blizzard,44,3050,174
CDnet2014,blizzard,45,3225,1
CDnet2014,blizzard,46,3227,1
CDnet2014,blizzard,47,3229,2
CDnet2014,blizzard,48,3234,2
CDnet2014,blizzard,49,3237,238
CDnet2014,blizzard,50,3478,2
CDnet2014,blizzard,51,3481,15
CDnet2014,blizzard,52,3523,1
CDnet2014,blizzard,53,3525,2
CDnet2014,blizzard,54,3528,15
CDnet2014,blizzard,55,3544,9
CDnet2014,blizzard,56,3554,7
CDnet2014,blizzard,57,3570,1
CDnet2014,blizzard,58,3572,1
CDnet2014,blizzard,59,4271,1
CDnet2014,blizzard,60,4273,17
CDnet2014,blizzard,61,4291,34
CDnet2014,blizzard,62,4328,1
CDnet2014,blizzard,63,4330,1
CDnet2014,blizzard,64,4579,2
CDnet2014,blizzard,65,4582,70
CDnet2014,blizzard,66,4796,1
CDnet2014,blizzard,67,4799,146
CDnet2014,blizzard,68,5160,109
CDnet2014,blizzard,69,5270,57
CDnet2014,blizzard,70,5452,19
CDnet2014,blizzard,71,5472,23
CDnet2014,blizzard,72,5496,1
CDnet2014,blizzard,73,5498,24
CDnet2014,blizzard,74,5523,4
CDnet2014,blizzard,75,5528,2
CDnet2014,blizzard,76,6121,1
CDnet2014,blizzard,77,6123,3
CDnet2014,blizzard,78,6127,66
CDnet2014,blizzard,79,6194,3
CDnet2014,blizzard,80,6268,53
CDnet2014,blizzard,81,6322,1
CDnet2014,blizzard,82,6380,72
CDnet2014,boats,0,1900,18
CDnet2014,boats,1,1919,6
CDnet2014,boats,2,1927,4
CDnet2014,boats,3,1933,1
CDnet2014,boats,4,1935,95
CDnet2014,boats,5,2033,137
CDnet2014,boats,6,2172,3
CDnet2014,boats,7,2176,6
CDnet2014,boats,8,2183,1
CDnet2014,boats,9,2187,32
CDnet2014,boats,10,2220,7
CDnet2014,boats,11,2228,74
CDnet2014,boats,12,2305,18
CDnet2014,boats,13,2324,1
CDnet2014,boats,14,2327,5
CDnet2014,boats,15,2333,1
CDnet2014,boats,16,2335,4
CDnet2014,boats,17,2340,60
CDnet2014,boats,18,2401,12
CDnet2014,boats,19,2414,11
CDnet2014,boats,20,2426,20
CDnet2014,boats,21,2447,157
CDnet2014,boats,22,2605,8
CDnet2014,boats,23,2617,2
CDnet2014,boats,24,2620,2
CDnet2014,boats,25,2623,67
CDnet2014,boats,26,2691,37
CDnet2014,boats,27,2732,17
CDnet2014,boats,28,2750,1
CDnet2014,boats,29,2752,88
CDnet2014,boats,30,2841,169
CDnet2014,boats,31,3013,28
CDnet2014,boats,32,3042,2
CDnet2014,boats,33,3045,9
CDnet2014,boats,34,3055,6
CDnet2014,boats,35,3062,5
CDnet2014,boats,36,3068,5
CDnet2014,boats,37,3074,10
CDnet2014,boats,38,3085,2
CDnet2014,boats,39,3088,7
CDnet2014,boats,40,3097,13
CDnet2014,boats,41,3112,70
CDnet2014,boats,42,3183,12
CDnet2014,boats,43,3197,1
CDnet2014,boats,44,3199,73
CDnet2014,boats,45,3273,20
CDnet2014,boats,46,3294,26
CDnet2014,boats,47,3321,6
CDnet2014,boats,48,3328,6
CDnet2014,boats,49,3336,104
CDnet2014,boats,50,3441,22
CDnet2014,boats,51,3464,3
CDnet2014,boats,52,3468,83
CDnet2014,boats,53,3552,2
CDnet2014,boats,54,3555,28
CDnet2014,boats,55,3584,34
CDnet2014,boats,56,3619,29
CDnet2014,boats,57,3649,2
CDnet2014,boats,58,3652,1
CDnet2014,boats,59,3654,3
CDnet2014,boats,60,3659,4
CDnet2014,boats,61,3664,24
CDnet2014,boats,62,3690,2
CDnet2014,boats,63,3693,3
CDnet2014,boats,64,3698,10
CDnet2014,boats,65,3710,5
CDnet2014,boats,66,3716,4
CDnet2014,boats,67,3722,36
CDnet2014,boats,68,3760,68
CDnet2014,boats,69,3830,2
CDnet2014,boats,70,3833,2
CDnet2014,boats,71,3841,1
CDnet2014,boats,72,3845,1
CDnet2014,boats,73,3847,1
CDnet2014,boats,74,3849,124
CDnet2014,boats,75,3986,46
CDnet2014,boats,76,4033,23
CDnet2014,boats,77,4064,3
CDnet2014,boats,78,4068,18
CDnet2014,boats,79,4087,4
CDnet2014,boats,80,4092,18
CDnet2014,boats,81,4111,2
CDnet2014,boats,82,4114,3
CDnet2014,boats,83,4118,28
CDnet2014,boats,84,4147,12
CDnet2014,boats,85,4167,1
CDnet2014,boats,86,4171,1
CDnet2014,boats,87,4173,1
CDnet2014,boats,88,4176,1
CDnet2014,boats,89,4178,1
CDnet2014,boats,90,4180,49
CDnet2014,boats,91,4231,1
CDnet2014,boats,92,4233,1
CDnet2014,boats,93,4245,75
CDnet2014,boats,94,4321,327
CDnet2014,boats,95,4650,49
CDnet2014,boats,96,4700,97
CDnet2014,boats,97,4799,1
CDnet2014,boats,98,4801,137
CDnet2014,boats,99,4939,2
CDnet2014,boats,100,4942,3
CDnet2014,boats,101,4946,1
CDnet2014,boats,102,4949,95
CDnet2014,boats,103,5046,2
CDnet2014,boats,104,5051,8
CDnet2014,boats,105,5067,2
CDnet2014,boats,106,5070,1
CDnet2014,boats,107,5072,1
CDnet2014,boats,108,5075,65
CDnet2014,boats,109,5141,7
CDnet2014,boats,110,5149,128
CDnet2014,boats,111,5278,15
CDnet2014,boats,112,5294,30
CDnet2014,boats,113,5325,170
CDnet2014,boats,114,5496,121
CDnet2014,boats,115,5618,7
CDnet2014,boats,116,5630,1
CDnet2014,boats,117,5634,71
CDnet2014,boats,118,5706,129
CDnet2014,boats,119,5836,33
CDnet2014,boats,120,5872,3
CDnet2014,boats,121,5881,2
CDnet2014,boats,122,5894,1
CDnet2014,boats,123,5896,6
CDnet2014,boats,124,5903,41
CDnet2014,boats,125,5945,1
CDnet2014,boats,126,5947,1
CDnet2014,boats,127,5949,193
CDnet2014,boats,128,6143,78
CDnet2014,boats,129,6223,2
CDnet2014,boats,130,6226,25
CDnet2014,boats,131,6254,227
CDnet2014,boats,132,6482,5
CDnet2014,boats,133,6488,9
CDnet2014,boats,134,6498,13
CDnet2014,boats,135,6514,3
CDnet2014,boats,136,6518,74
CDnet2014,boats,137,6593,2
CDnet2014,boats,138,6596,42
CDnet2014,boats,139,6639,79
CDnet2014,boats,140,6719,15
CDnet2014,boats,141,6738,1
CDnet2014,boats,142,6740,38
CDnet2014,boats,143,6784,84
CDnet2014,boats,144,6869,1130
CDnet2014,boulevard,0,790,7
CDnet2014,boulevard,1,798,5
CDnet2014,boulevard,2,804,179
CDnet2014,boulevard,3,984,1
CDnet2014,boulevard,4,987,1
CDnet2014,boulevard,5,990,2
CDnet2014,boulevard,6,993,1
CDnet2014,boulevard,7,995,1
CDnet2014,boulevard,8,998,2
CDnet2014,boulevard,9,1001,1
CDnet2014,boulevard,10,1004,2
CDnet2014,boulevard,11,1007,7
CDnet2014,boulevard,12,1016,3
CDnet2014,boulevard,13,1021,1
CDnet2014,boulevard,14,1030,2
CDnet2014,boulevard,15,1033,10
CDnet2014,boulevard,16,1044,84
CDnet2014,boulevard,17,1129,13
CDnet2014,boulevard,18,1143,5
CDnet2014,boulevard,19,1149,7
CDnet2014,boulevard,20,1157,4
CDnet2014,boulevard,21,1163,1
CDnet2014,boulevard,22,1166,2
CDnet2014,boulevard,23,1174,1
CDnet2014,boulevard,24,1178,7
CDnet2014,boulevard,25,1186,3
CDnet2014,boulevard,26,1190,1
CDnet2014,boulevard,27,1192,1
CDnet2014,boulevard,28,1195,1
CDnet2014,boulevard,29,1197,2
CDnet2014,boulevard,30,1202,2
CDnet2014,boulevard,31,1205,3
CDnet2014,boulevard,32,1209,1
CDnet2014,boulevard,33,1211,1
CDnet2014,boulevard,34,1215,1
CDnet2014,boulevard,35,1221,1
CDnet2014,boulevard,36,1224,4
CDnet2014,boulevard,37,1229,2
CDnet2014,boulevard,38,1232,16
CDnet2014,boulevard,39,1249,41
CDnet2014,boulevard,40,1292,21
CDnet2014,boulevard,41,1314,20
CDnet2014,boulevard,42,1335,8
CDnet2014,boulevard,43,1344,1
CDnet2014,boulevard,44,1346,2
CDnet2014,boulevard,45,1349,7
CDnet2014,boulevard,46,1358,1
CDnet2014,boulevard,47,1361,14
CDnet2014,boulevard,48,1376,4
CDnet2014,boulevard,49,1385,1
CDnet2014,boulevard,50,1387,2
CDnet2014,boulevard,51,1390,7
CDnet2014,boulevard,52,1399,1
CDnet2014,boulevard,53,1401,9
CDnet2014,boulevard,54,1411,1
CDnet2014,boulevard,55,1416,1
CDnet2014,boulevard,56,1429,4
CDnet2014,boulevard,57,1434,2
CDnet2014,boulevard,58,1437,1
CDnet2014,boulevard,59,1439,2
CDnet2014,boulevard,60,1442,16
CDnet2014,boulevard,61,1459,2
CDnet2014,boulevard,62,1462,2
CDnet2014,boulevard,63,1467,62
CDnet2014,boulevard,64,1530,1
CDnet2014,boulevard,65,1532,2
CDnet2014,boulevard,66,1535,11
CDnet2014,boulevard,67,1547,1
CDnet2014,boulevard,68,1550,1
CDnet2014,boulevard,69,1553,1
CDnet2014,boulevard,70,1555,2
CDnet2014,boulevard,71,1558,2
CDnet2014,boulevard,72,1561,1
CDnet2014,boulevard,73,1564,1
CDnet2014,boulevard,74,1566,2
CDnet2014,boulevard,75,1569,1
CDnet2014,boulevard,76,1571,1
CDnet2014,boulevard,77,1578,3
CDnet2014,boulevard,78,1582,1
CDnet2014,boulevard,79,1585,1
CDnet2014,boulevard,80,1588,7
CDnet2014,boulevard,81,1596,1
CDnet2014,boulevard,82,1598,2
CDnet2014,boulevard,83,1601,5
CDnet2014,boulevard,84,1607,2
CDnet2014,boulevard,85,1610,8
CDnet2014,boulevard,86,1619,3
CDnet2014,boulevard,87,1629,1
CDnet2014,boulevard,88,1631,1
CDnet2014,boulevard,89,1634,1
CDnet2014,boulevard,90,1637,1
CDnet2014,boulevard,91,1639,3
CDnet2014,boulevard,92,1643,1
CDnet2014,boulevard,93,1645,8
CDnet2014,boulevard,94,1654,9
CDnet2014,boulevard,95,1665,7
CDnet2014,boulevard,96,1673,1
CDnet2014,boulevard,97,1675,1
CDnet2014,boulevard,98,1677,3
CDnet2014,boulevard,99,1681,2
CDnet2014,boulevard,100,1684,1
CDnet2014,boulevard,101,1686,5
CDnet2014,boulevard,102,1692,1
CDnet2014,boulevard,103,1694,1
CDnet2014,boulevard,104,1696,1
CDnet2014,boulevard,105,1698,9
CDnet2014,boulevard,106,1708,2
CDnet2014,boulevard,107,1711,2
CDnet2014,boulevard,108,1714,2
CDnet2014,boulevard,109,1717,10
CDnet2014,boulevard,110,1728,2
CDnet2014,boulevard,111,1731,4
CDnet2014,boulevard,112,1736,10
CDnet2014,boulevard,113,1747,1
CDnet2014,boulevard,114,1750,10
CDnet2014,boulevard,115,1761,2
CDnet2014,boulevard,116,1764,1
CDnet2014,boulevard,117,1767,1
CDnet2014,boulevard,118,1769,2
CDnet2014,boulevard,119,1772,1
CDnet2014,boulevard,120,1774,2
CDnet2014,boulevard,121,1778,1
CDnet2014,boulevard,122,1781,1
CDnet2014,boulevard,123,1783,1
CDnet2014,boulevard,124,1785,1
CDnet2014,boulevard,125,1788,23
CDnet2014,boulevard,126,1813,1
CDnet2014,boulevard,127,1818,2
CDnet2014,boulevard,128,1822,1
CDnet2014,boulevard,129,1824,2
CDnet2014,boulevard,130,1827,1
CDnet2014,boulevard,131,1835,1
CDnet2014,boulevard,132,1837,2
CDnet2014,boulevard,133,1840,1
CDnet2014,boulevard,134,1843,21
CDnet2014,boulevard,135,1865,1
CDnet2014,boulevard,136,1871,1
CDnet2014,boulevard,137,1877,1
CDnet2014,boulevard,138,1879,1
CDnet2014,boulevard,139,1884,1
CDnet2014,boulevard,140,1886,2
CDnet2014,boulevard,141,1889,2
CDnet2014,boulevard,142,1892,1
CDnet2014,boulevard,143,1895,1
CDnet2014,boulevard,144,1898,1
CDnet2014,boulevard,145,1900,2
CDnet2014,boulevard,146,1903,2
CDnet2014,boulevard,147,1906,4
CDnet2014,boulevard,148,1911,2
CDnet2014,boulevard,149,1914,4
CDnet2014,boulevard,150,1920,1
CDnet2014,boulevard,151,1923,1
CDnet2014,boulevard,152,1925,2
CDnet2014,boulevard,153,1930,1
CDnet2014,boulevard,154,1933,1
CDnet2014,boulevard,155,1936,1
CDnet2014,boulevard,156,1939,47
CDnet2014,boulevard,157,1988,1
CDnet2014,boulevard,158,1990,8
CDnet2014,boulevard,159,1999,9
CDnet2014,boulevard,160,2009,2
CDnet2014,boulevard,161,2013,1
CDnet2014,boulevard,162,2015,2
CDnet2014,boulevard,163,2018,2
CDnet2014,boulevard,164,2027,2
CDnet2014,boulevard,165,2030,1
CDnet2014,boulevard,166,2032,6
CDnet2014,boulevard,167,2039,5
CDnet2014,boulevard,168,2045,7
CDnet2014,boulevard,169,2053,1
CDnet2014,boulevard,170,2055,3
CDnet2014,boulevard,171,2059,4
CDnet2014,boulevard,172,2064,4
CDnet2014,boulevard,173,2070,1
CDnet2014,boulevard,174,2072,5
CDnet2014,boulevard,175,2080,1
CDnet2014,boulevard,176,2082,2
CDnet2014,boulevard,177,2085,4
CDnet2014,boulevard,178,2090,90
CDnet2014,boulevard,179,2181,4
CDnet2014,boulevard,180,2186,1
CDnet2014,boulevard,181,2188,2
CDnet2014,boulevard,182,2191,2
CDnet2014,boulevard,183,2194,2
CDnet2014,boulevard,184,2197,1
CDnet2014,boulevard,185,2200,2
CDnet2014,boulevard,186,2203,1
CDnet2014,boulevard,187,2206,54
CDnet2014,boulevard,188,2261,4
CDnet2014,boulevard,189,2266,76
CDnet2014,boulevard,190,2345,1
CDnet2014,boulevard,191,2348,1
CDnet2014,boulevard,192,2354,6
CDnet2014,boulevard,193,2362,1
CDnet2014,boulevard,194,2364,2
CDnet2014,boulevard,195,2368,1
CDnet2014,boulevard,196,2371,2
CDnet2014,boulevard,197,2374,1
CDnet2014,boulevard,198,2377,1
CDnet2014,boulevard,199,2380,1
CDnet2014,boulevard,200,2382,2
CDnet2014,boulevard,201,2385,78
CDnet2014,boulevard,202,2466,34
CDnet2014,bridgeEntry,0,1036,1
CDnet2014,bridgeEntry,1,1046,1
CDnet2014,bridgeEntry,2,1061,2
CDnet2014,bridgeEntry,3,1065,5
CDnet2014,bridgeEntry,4,1072,1
CDnet2014,bridgeEntry,5,1080,1
CDnet2014,bridgeEntry,6,1085,6
CDnet2014,bridgeEntry,7,1092,1
CDnet2014,bridgeEntry,8,1097,9
CDnet2014,bridgeEntry,9,1115,15
CDnet2014,bridgeEntry,10,1156,1
CDnet2014,bridgeEntry,11,1175,2
CDnet2014,bridgeEntry,12,1187,1
CDnet2014,bridgeEntry,13,1215,1
CDnet2014,bridgeEntry,14,1234,2
CDnet2014,bridgeEntry,15,1241,3
CDnet2014,bridgeEntry,16,1245,2
CDnet2014,bridgeEntry,17,1248,1
CDnet2014,bridgeEntry,18,1264,1
CDnet2014,bridgeEntry,19,1267,1
CDnet2014,bridgeEntry,20,1279,1
CDnet2014,bridgeEntry,21,1288,1
CDnet2014,bridgeEntry,22,1298,3
CDnet2014,bridgeEntry,23,1303,2
CDnet2014,bridgeEntry,24,1307,2
CDnet2014,bridgeEntry,25,1310,4
CDnet2014,bridgeEntry,26,1318,1
CDnet2014,bridgeEntry,27,1353,1
CDnet2014,bridgeEntry,28,1413,6
CDnet2014,bridgeEntry,29,1443,2
CDnet2014,bridgeEntry,30,1449,9
CDnet2014,bridgeEntry,31,1464,1
CDnet2014,bridgeEntry,32,1466,1
CDnet2014,bridgeEntry,33,1468,3
CDnet2014,bridgeEntry,34,1472,11
CDnet2014,bridgeEntry,35,1484,4
CDnet2014,bridgeEntry,36,1489,5
CDnet2014,bridgeEntry,37,1501,2
CDnet2014,bridgeEntry,38,1505,21
CDnet2014,bridgeEntry,39,1530,2
CDnet2014,bridgeEntry,40,1535,1
CDnet2014,bridgeEntry,41,1539,1
CDnet2014,bridgeEntry,42,1548,1
CDnet2014,bridgeEntry,43,1550,7
CDnet2014,bridgeEntry,44,1558,1
CDnet2014,bridgeEntry,45,1562,1
CDnet2014,bridgeEntry,46,1565,1
CDnet2014,bridgeEntry,47,1567,2
CDnet2014,bridgeEntry,48,1572,3
CDnet2014,bridgeEntry,49,1577,1
CDnet2014,bridgeEntry,50,1583,1
CDnet2014,bridgeEntry,51,1587,8
CDnet2014,bridgeEntry,52,1598,3
CDnet2014,bridgeEntry,53,1602,24
CDnet2014,bridgeEntry,54,1628,7
CDnet2014,bridgeEntry,55,1636,4
CDnet2014,bridgeEntry,56,1641,2
CDnet2014,bridgeEntry,57,1648,1
CDnet2014,bridgeEntry,58,1652,21
CDnet2014,bridgeEntry,59,1675,13
CDnet2014,bridgeEntry,60,1689,4
CDnet2014,bridgeEntry,61,1696,1
CDnet2014,bridgeEntry,62,1698,2
CDnet2014,bridgeEntry,63,1701,1
CDnet2014,bridgeEntry,64,1715,1
CDnet2014,bridgeEntry,65,1717,1
CDnet2014,bridgeEntry,66,1719,1
CDnet2014,bridgeEntry,67,1728,5
CDnet2014,bridgeEntry,68,1735,7
CDnet2014,bridgeEntry,69,1746,13
CDnet2014,bridgeEntry,70,1760,6
CDnet2014,bridgeEntry,71,1769,2
CDnet2014,bridgeEntry,72,1775,2
CDnet2014,bridgeEntry,73,1778,2
CDnet2014,bridgeEntry,74,1785,2
CDnet2014,bridgeEntry,75,1790,2
CDnet2014,bridgeEntry,76,1809,3
CDnet2014,bridgeEntry,77,1813,1
CDnet2014,bridgeEntry,78,1815,3
CDnet2014,bridgeEntry,79,1819,1
CDnet2014,bridgeEntry,80,1821,1
CDnet2014,bridgeEntry,81,1828,2
CDnet2014,bridgeEntry,82,1831,2
CDnet2014,bridgeEntry,83,1838,10
CDnet2014,bridgeEntry,84,1862,1
CDnet2014,bridgeEntry,85,1865,1
CDnet2014,bridgeEntry,86,1875,2
CDnet2014,bridgeEntry,87,1878,1
CDnet2014,bridgeEntry,88,1888,1
CDnet2014,bridgeEntry,89,1892,2
CDnet2014,bridgeEntry,90,1900,4
CDnet2014,bridgeEntry,91,1914,1
CDnet2014,bridgeEntry,92,1916,1
CDnet2014,bridgeEntry,93,1918,4
CDnet2014,bridgeEntry,94,1923,2
CDnet2014,bridgeEntry,95,1928,4
CDnet2014,bridgeEntry,96,1934,3
CDnet2014,bridgeEntry,97,1940,3
CDnet2014,bridgeEntry,98,1949,2
CDnet2014,bridgeEntry,99,1961,1
CDnet2014,bridgeEntry,100,1982,1
CDnet2014,bridgeEntry,101,1984,1
CDnet2014,bridgeEntry,102,1986,2
CDnet2014,bridgeEntry,103,1992,1
CDnet2014,bridgeEntry,104,1994,3
CDnet2014,bridgeEntry,105,2000,2
CDnet2014,bridgeEntry,106,2012,26
CDnet2014,bridgeEntry,107,2041,7
CDnet2014,bridgeEntry,108,2049,4
CDnet2014,bridgeEntry,109,2065,2
CDnet2014,bridgeEntry,110,2071,1
CDnet2014,bridgeEntry,111,2076,1
CDnet2014,bridgeEntry,112,2102,1
CDnet2014,bridgeEntry,113,2109,2
CDnet2014,bridgeEntry,114,2112,3
CDnet2014,bridgeEntry,115,2118,4
CDnet2014,bridgeEntry,116,2123,1
CDnet2014,bridgeEntry,117,2125,1
CDnet2014,bridgeEntry,118,2128,1
CDnet2014,bridgeEntry,119,2132,1
CDnet2014,bridgeEntry,120,2134,1
CDnet2014,bridgeEntry,121,2136,7
CDnet2014,bridgeEntry,122,2144,2
CDnet2014,bridgeEntry,123,2149,13
CDnet2014,bridgeEntry,124,2170,1
CDnet2014,bridgeEntry,125,2174,1
CDnet2014,bridgeEntry,126,2180,23
CDnet2014,bridgeEntry,127,2206,1
CDnet2014,bridgeEntry,128,2208,2
CDnet2014,bridgeEntry,129,2211,4
CDnet2014,bridgeEntry,130,2222,1
CDnet2014,bridgeEntry,131,2229,1
CDnet2014,bridgeEntry,132,2236,1
CDnet2014,bridgeEntry,133,2248,1
CDnet2014,bridgeEntry,134,2250,3
CDnet2014,bridgeEntry,135,2265,13
CDnet2014,bridgeEntry,136,2281,3
CDnet2014,bridgeEntry,137,2285,2
CDnet2014,bridgeEntry,138,2291,4
CDnet2014,bridgeEntry,139,2299,1
CDnet2014,bridgeEntry,140,2305,6
CDnet2014,bridgeEntry,141,2312,2
CDnet2014,bridgeEntry,142,2315,7
CDnet2014,bridgeEntry,143,2323,4
CDnet2014,bridgeEntry,144,2328,2
CDnet2014,bridgeEntry,145,2331,1
CDnet2014,bridgeEntry,146,2334,1
CDnet2014,bridgeEntry,147,2340,1
CDnet2014,bridgeEntry,148,2342,1
CDnet2014,bridgeEntry,149,2350,4
CDnet2014,bridgeEntry,150,2365,1
CDnet2014,bridgeEntry,151,2367,1
CDnet2014,bridgeEntry,152,2369,2
CDnet2014,bridgeEntry,153,2372,1
CDnet2014,bridgeEntry,154,2385,1
CDnet2014,bridgeEntry,155,2391,1
CDnet2014,bridgeEntry,156,2396,1
CDnet2014,bridgeEntry,157,2455,1
CDnet2014,bridgeEntry,158,2458,1
CDnet2014,bridgeEntry,159,2461,1
CDnet2014,bridgeEntry,160,2463,1
CDnet2014,bridgeEntry,161,2471,1
CDnet2014,bridgeEntry,162,2475,1
CDnet2014,bridgeEntry,163,2479,1
CDnet2014,bridgeEntry,164,2486,2
CDnet2014,bridgeEntry,165,2489,1
CDnet2014,bridgeEntry,166,2494,1
CDnet2014,bridgeEntry,167,2499,1
CDnet2014,bungalows,0,300,1400
CDnet2014,busStation,0,300,840
CDnet2014,busStation,1,1152,2
CDnet2014,busyBoulvard,0,730,1
CDnet2014,busyBoulvard,1,734,2
CDnet2014,busyBoulvard,2,738,1
CDnet2014,busyBoulvard,3,741,2
CDnet2014,busyBoulvard,4,746,1
CDnet2014,busyBoulvard,5,750,3
CDnet2014,busyBoulvard,6,754,2
CDnet2014,busyBoulvard,7,762,2
CDnet2014,busyBoulvard,8,766,1
CDnet2014,busyBoulvard,9,768,1
CDnet2014,busyBoulvard,10,773,1
CDnet2014,busyBoulvard,11,789,1
CDnet2014,busyBoulvard,12,791,1
CDnet2014,busyBoulvard,13,794,1
CDnet2014,busyBoulvard,14,797,5
CDnet2014,busyBoulvard,15,807,1
CDnet2014,busyBoulvard,16,810,1
CDnet2014,busyBoulvard,17,817,1
CDnet2014,busyBoulvard,18,824,1
CDnet2014,busyBoulvard,19,829,1
CDnet2014,busyBoulvard,20,837,1
CDnet2014,busyBoulvard,21,843,2
CDnet2014,busyBoulvard,22,846,1
CDnet2014,busyBoulvard,23,850,1
CDnet2014,busyBoulvard,24,852,2
CDnet2014,busyBoulvard,25,856,1
CDnet2014,busyBoulvard,26,866,1
CDnet2014,busyBoulvard,27,871,1
CDnet2014,busyBoulvard,28,875,3
CDnet2014,busyBoulvard,29,879,2
CDnet2014,busyBoulvard,30,890,1
CDnet2014,busyBoulvard,31,894,2
CDnet2014,busyBoulvard,32,897,2
CDnet2014,busyBoulvard,33,900,3
CDnet2014,busyBoulvard,34,906,1
CDnet2014,busyBoulvard,35,908,1
CDnet2014,busyBoulvard,36,916,1
CDnet2014,busyBoulvard,37,919,1
CDnet2014,busyBoulvard,38,921,1
CDnet2014,busyBoulvard,39,926,1
CDnet2014,busyBoulvard,40,928,1
CDnet2014,busyBoulvard,41,932,2
CDnet2014,busyBoulvard,42,940,1
CDnet2014,busyBoulvard,43,942,6
CDnet2014,busyBoulvard,44,952,1
CDnet2014,busyBoulvard,45,955,2
CDnet2014,busyBoulvard,46,959,1
CDnet2014,busyBoulvard,47,961,3
CDnet2014,busyBoulvard,48,965,4
CDnet2014,busyBoulvard,49,971,1
CDnet2014,busyBoulvard,50,974,1
CDnet2014,busyBoulvard,51,976,2
CDnet2014,busyBoulvard,52,989,1
CDnet2014,busyBoulvard,53,996,2
CDnet2014,busyBoulvard,54,1008,1
CDnet2014,busyBoulvard,55,1011,2
CDnet2014,busyBoulvard,56,1016,5
CDnet2014,busyBoulvard,57,1022,2
CDnet2014,busyBoulvard,58,1025,21
CDnet2014,busyBoulvard,59,1049,1
CDnet2014,busyBoulvard,60,1052,2
CDnet2014,busyBoulvard,61,1056,1
CDnet2014,busyBoulvard,62,1058,1
CDnet2014,busyBoulvard,63,1062,1
CDnet2014,busyBoulvard,64,1064,2
CDnet2014,busyBoulvard,65,1067,4
CDnet2014,busyBoulvard,66,1078,17
CDnet2014,busyBoulvard,67,1096,5
CDnet2014,busyBoulvard,68,1103,1
CDnet2014,busyBoulvard,69,1105,3
CDnet2014,busyBoulvard,70,1110,3
CDnet2014,busyBoulvard,71,1114,2
CDnet2014,busyBoulvard,72,1117,2
CDnet2014,busyBoulvard,73,1121,1
CDnet2014,busyBoulvard,74,1136,2
CDnet2014,busyBoulvard,75,1139,3
CDnet2014,busyBoulvard,76,1143,7
CDnet2014,busyBoulvard,77,1154,1
CDnet2014,busyBoulvard,78,1158,4
CDnet2014,busyBoulvard,79,1168,2
CDnet2014,busyBoulvard,80,1171,1
CDnet2014,busyBoulvard,81,1173,1
CDnet2014,busyBoulvard,82,1176,1
CDnet2014,busyBoulvard,83,1180,5
CDnet2014,busyBoulvard,84,1186,1
CDnet2014,busyBoulvard,85,1188,3
CDnet2014,busyBoulvard,86,1198,1
CDnet2014,busyBoulvard,87,1200,1
CDnet2014,busyBoulvard,88,1203,1
CDnet2014,busyBoulvard,89,1210,1
CDnet2014,busyBoulvard,90,1225,1
CDnet2014,busyBoulvard,91,1235,1
CDnet2014,busyBoulvard,92,1245,2
CDnet2014,busyBoulvard,93,1250,1
CDnet2014,busyBoulvard,94,1253,1
CDnet2014,busyBoulvard,95,1255,1
CDnet2014,busyBoulvard,96,1264,1
CDnet2014,busyBoulvard,97,1300,1
CDnet2014,busyBoulvard,98,1302,5
CDnet2014,busyBoulvard,99,1308,9
CDnet2014,busyBoulvard,100,1319,1
CDnet2014,busyBoulvard,101,1321,1
CDnet2014,busyBoulvard,102,1323,2
CDnet2014,busyBoulvard,103,1327,1
CDnet2014,busyBoulvard,104,1329,1
CDnet2014,busyBoulvard,105,1332,1
CDnet2014,busyBoulvard,106,1337,1
CDnet2014,busyBoulvard,107,1346,2
CDnet2014,busyBoulvard,108,1349,5
CDnet2014,busyBoulvard,109,1355,1
CDnet2014,busyBoulvard,110,1358,1
CDnet2014,busyBoulvard,111,1361,1
CDnet2014,busyBoulvard,112,1363,1
CDnet2014,busyBoulvard,113,1367,1
CDnet2014,busyBoulvard,114,1369,3
CDnet2014,busyBoulvard,115,1374,1
CDnet2014,busyBoulvard,116,1376,1
CDnet2014,busyBoulvard,117,1389,2
CDnet2014,busyBoulvard,118,1393,1
CDnet2014,busyBoulvard,119,1395,1
CDnet2014,busyBoulvard,120,1397,1
CDnet2014,busyBoulvard,121,1410,1
CDnet2014,busyBoulvard,122,1428,3
CDnet2014,busyBoulvard,123,1439,1
CDnet2014,busyBoulvard,124,1451,1
CDnet2014,busyBoulvard,125,1458,1
CDnet2014,busyBoulvard,126,1461,2
CDnet2014,busyBoulvard,127,1464,9
CDnet2014,busyBoulvard,128,1474,6
CDnet2014,busyBoulvard,129,1482,1
CDnet2014,busyBoulvard,130,1489,1
CDnet2014,busyBoulvard,131,1501,4
CDnet2014,busyBoulvard,132,1506,5
CDnet2014,busyBoulvard,133,1513,2
CDnet2014,busyBoulvard,134,1517,1
CDnet2014,busyBoulvard,135,1520,4
CDnet2014,busyBoulvard,136,1526,1
CDnet2014,busyBoulvard,137,1532,1
CDnet2014,busyBoulvard,138,1540,1
CDnet2014,busyBoulvard,139,1544,1
CDnet2014,busyBoulvard,140,1548,1
CDnet2014,busyBoulvard,141,1551,1
CDnet2014,busyBoulvard,142,1573,1
CDnet2014,busyBoulvard,143,1578,1
CDnet2014,busyBoulvard,144,1583,1
CDnet2014,busyBoulvard,145,1587,1
CDnet2014,busyBoulvard,146,1594,3
CDnet2014,busyBoulvard,147,1600,1
CDnet2014,busyBoulvard,148,1602,1
CDnet2014,busyBoulvard,149,1605,14
CDnet2014,busyBoulvard,150,1627,1
CDnet2014,busyBoulvard,151,1630,1
CDnet2014,busyBoulvard,152,1633,4
CDnet2014,busyBoulvard,153,1638,6
CDnet2014,busyBoulvard,154,1647,6
CDnet2014,busyBoulvard,155,1654,4
CDnet2014,busyBoulvard,156,1659,1
CDnet2014,busyBoulvard,157,1661,2
CDnet2014,busyBoulvard,158,1668,13
CDnet2014,busyBoulvard,159,1690,2
CDnet2014,busyBoulvard,160,1693,1
CDnet2014,busyBoulvard,161,1697,1
CDnet2014,busyBoulvard,162,1699,51
CDnet2014,busyBoulvard,163,1751,1
CDnet2014,busyBoulvard,164,1759,3
CDnet2014,busyBoulvard,165,1767,12
CDnet2014,busyBoulvard,166,1787,1
CDnet2014,busyBoulvard,167,1789,3
CDnet2014,busyBoulvard,168,1798,5
CDnet2014,busyBoulvard,169,1828,1
CDnet2014,busyBoulvard,170,1837,1
CDnet2014,busyBoulvard,171,1839,2
CDnet2014,busyBoulvard,172,1849,1
CDnet2014,busyBoulvard,173,1851,3
CDnet2014,busyBoulvard,174,1855,1
CDnet2014,busyBoulvard,175,1857,1
CDnet2014,busyBoulvard,176,1861,2
CDnet2014,busyBoulvard,177,1864,7
CDnet2014,busyBoulvard,178,1872,1
CDnet2014,busyBoulvard,179,1875,1
CDnet2014,busyBoulvard,180,1879,1
CDnet2014,busyBoulvard,181,1882,2
CDnet2014,busyBoulvard,182,1885,2
CDnet2014,busyBoulvard,183,1888,12
CDnet2014,busyBoulvard,184,1904,1
CDnet2014,busyBoulvard,185,1909,1
CDnet2014,busyBoulvard,186,1911,1
CDnet2014,busyBoulvard,187,1913,2
CDnet2014,busyBoulvard,188,1919,1
CDnet2014,busyBoulvard,189,1923,3
CDnet2014,busyBoulvard,190,1927,2
CDnet2014,busyBoulvard,191,1933,1
CDnet2014,busyBoulvard,192,1939,1
CDnet2014,busyBoulvard,193,1941,3
CDnet2014,busyBoulvard,194,1945,1
CDnet2014,busyBoulvard,195,1948,7
CDnet2014,busyBoulvard,196,1964,2
CDnet2014,busyBoulvard,197,1972,3
CDnet2014,busyBoulvard,198,1977,1
CDnet2014,busyBoulvard,199,1979,1
CDnet2014,busyBoulvard,200,1981,1
CDnet2014,busyBoulvard,201,1990,1
CDnet2014,busyBoulvard,202,1993,1
CDnet2014,busyBoulvard,203,1995,2
CDnet2014,busyBoulvard,204,2000,2
CDnet2014,busyBoulvard,205,2006,1
CDnet2014,busyBoulvard,206,2008,1
CDnet2014,busyBoulvard,207,2010,15
CDnet2014,busyBoulvard,208,2026,1
CDnet2014,busyBoulvard,209,2029,1
CDnet2014,busyBoulvard,210,2032,6
CDnet2014,busyBoulvard,211,2041,2
CDnet2014,busyBoulvard,212,2044,1
CDnet2014,busyBoulvard,213,2047,4
CDnet2014,busyBoulvard,214,2052,1
CDnet2014,busyBoulvard,215,2054,1
CDnet2014,busyBoulvard,216,2057,2
CDnet2014,busyBoulvard,217,2060,1
CDnet2014,busyBoulvard,218,2062,2
CDnet2014,busyBoulvard,219,2070,3
CDnet2014,busyBoulvard,220,2076,1
CDnet2014,busyBoulvard,221,2083,1
CDnet2014,busyBoulvard,222,2092,1
CDnet2014,busyBoulvard,223,2094,1
CDnet2014,busyBoulvard,224,2096,2
CDnet2014,busyBoulvard,225,2099,3
CDnet2014,busyBoulvard,226,2103,2
CDnet2014,busyBoulvard,227,2110,1
CDnet2014,busyBoulvard,228,2114,2
CDnet2014,busyBoulvard,229,2117,1
CDnet2014,busyBoulvard,230,2119,2
CDnet2014,busyBoulvard,231,2122,2
CDnet2014,busyBoulvard,232,2126,1
CDnet2014,busyBoulvard,233,2129,1
CDnet2014,busyBoulvard,234,2136,1
CDnet2014,busyBoulvard,235,2138,2
CDnet2014,busyBoulvard,236,2141,8
CDnet2014,busyBoulvard,237,2156,1
CDnet2014,busyBoulvard,238,2165,1
CDnet2014,busyBoulvard,239,2170,9
CDnet2014,busyBoulvard,240,2181,11
CDnet2014,busyBoulvard,241,2193,63
CDnet2014,busyBoulvard,242,2257,125
CDnet2014,busyBoulvard,243,2383,26
CDnet2014,busyBoulvard,244,2410,16
CDnet2014,busyBoulvard,245,2430,67
CDnet2014,busyBoulvard,246,2498,24
CDnet2014,busyBoulvard,247,2523,8
CDnet2014,busyBoulvard,248,2541,2
CDnet2014,busyBoulvard,249,2545,2
CDnet2014,busyBoulvard,250,2550,1
CDnet2014,busyBoulvard,251,2555,1
CDnet2014,busyBoulvard,252,2571,1
CDnet2014,busyBoulvard,253,2574,2
CDnet2014,busyBoulvard,254,2577,12
CDnet2014,busyBoulvard,255,2600,1
CDnet2014,busyBoulvard,256,2603,1
CDnet2014,busyBoulvard,257,2605,1
CDnet2014,busyBoulvard,258,2607,2
CDnet2014,busyBoulvard,259,2611,2
CDnet2014,busyBoulvard,260,2624,1
CDnet2014,busyBoulvard,261,2631,2
CDnet2014,busyBoulvard,262,2641,1
CDnet2014,busyBoulvard,263,2644,1
CDnet2014,busyBoulvard,264,2646,1
CDnet2014,busyBoulvard,265,2648,1
CDnet2014,busyBoulvard,266,2651,2
CDnet2014,busyBoulvard,267,2655,1
CDnet2014,busyBoulvard,268,2659,1
CDnet2014,busyBoulvard,269,2663,1
CDnet2014,busyBoulvard,270,2667,8
CDnet2014,busyBoulvard,271,2676,24
CDnet2014,busyBoulvard,272,2708,7
CDnet2014,busyBoulvard,273,2716,2
CDnet2014,busyBoulvard,274,2722,1
CDnet2014,busyBoulvard,275,2725,2
CDnet2014,busyBoulvard,276,2736,1
CDnet2014,busyBoulvard,277,2758,1
CDnet2014,canoe,0,840,245
CDnet2014,continuousPan,0,600,9
CDnet2014,continuousPan,1,625,1
CDnet2014,continuousPan,2,647,1
CDnet2014,continuousPan,3,649,1
CDnet2014,continuousPan,4,652,2
CDnet2014,continuousPan,5,658,2
CDnet2014,continuousPan,6,662,1
CDnet2014,continuousPan,7,664,3
CDnet2014,continuousPan,8,672,1
CDnet2014,continuousPan,9,675,2
CDnet2014,continuousPan,10,678,6
CDnet2014,continuousPan,11,685,7
CDnet2014,continuousPan,12,693,1
CDnet2014,continuousPan,13,695,14
CDnet2014,continuousPan,14,711,2
CDnet2014,continuousPan,15,716,1
CDnet2014,continuousPan,16,722,878
CDnet2014,continuousPan,17,1601,1
CDnet2014,continuousPan,18,1603,2
CDnet2014,continuousPan,19,1609,3
CDnet2014,continuousPan,20,1613,5
CDnet2014,continuousPan,21,1619,2
CDnet2014,continuousPan,22,1622,1
CDnet2014,continuousPan,23,1624,2
CDnet2014,continuousPan,24,1629,1
CDnet2014,continuousPan,25,1631,2
CDnet2014,continuousPan,26,1634,9
CDnet2014,continuousPan,27,1644,6
CDnet2014,continuousPan,28,1652,1
CDnet2014,continuousPan,29,1656,44
CDnet2014,copyMachine,0,500,883
CDnet2014,copyMachine,1,1385,2
CDnet2014,copyMachine,2,1440,1
CDnet2014,copyMachine,3,1442,909
CDnet2014,copyMachine,4,2352,1
CDnet2014,copyMachine,5,2354,5
CDnet2014,copyMachine,6,2393,6
CDnet2014,copyMachine,7,2400,366
CDnet2014,copyMachine,8,2767,25
CDnet2014,copyMachine,9,2793,9
CDnet2014,copyMachine,10,2803,9
CDnet2014,copyMachine,11,2818,2
CDnet2014,copyMachine,12,2821,1
CDnet2014,copyMachine,13,2825,1
CDnet2014,copyMachine,14,2828,1
CDnet2014,copyMachine,15,2832,1
CDnet2014,copyMachine,16,2834,3
CDnet2014,copyMachine,17,2838,5
CDnet2014,copyMachine,18,2909,7
CDnet2014,copyMachine,19,2917,309
CDnet2014,copyMachine,20,3234,2
CDnet2014,copyMachine,21,3239,1
CDnet2014,copyMachine,22,3241,2
CDnet2014,copyMachine,23,3249,151
CDnet2014,corridor,0,574,1
CDnet2014,corridor,1,576,2
CDnet2014,corridor,2,579,15
CDnet2014,corridor,3,595,288
CDnet2014,corridor,4,884,141
CDnet2014,corridor,5,1026,4
CDnet2014,corridor,6,1031,6
CDnet2014,corridor,7,1038,5
CDnet2014,corridor,8,1044,5
CDnet2014,corridor,9,1050,75
CDnet2014,corridor,10,1126,1
CDnet2014,corridor,11,1129,34
CDnet2014,corridor,12,1165,3
CDnet2014,corridor,13,1169,8
CDnet2014,corridor,14,1178,2
CDnet2014,corridor,15,1181,1
CDnet2014,corridor,16,1183,2
CDnet2014,corridor,17,1186,4
CDnet2014,corridor,18,1192,2
CDnet2014,corridor,19,1196,3
CDnet2014,corridor,20,1201,2
CDnet2014,corridor,21,1205,4
CDnet2014,corridor,22,1210,1
CDnet2014,corridor,23,1212,1
CDnet2014,corridor,24,1220,1
CDnet2014,corridor,25,1226,1
CDnet2014,corridor,26,1233,1
CDnet2014,corridor,27,1235,1
CDnet2014,corridor,28,1237,1
CDnet2014,corridor,29,1239,1
CDnet2014,corridor,30,1242,11
CDnet2014,corridor,31,1254,4
CDnet2014,corridor,32,1259,3
CDnet2014,corridor,33,1263,20
CDnet2014,corridor,34,1284,2
CDnet2014,corridor,35,1287,13
CDnet2014,corridor,36,1302,1
CDnet2014,corridor,37,1304,16
CDnet2014,corridor,38,1321,9
CDnet2014,corridor,39,1331,25
CDnet2014,corridor,40,1357,2
CDnet2014,corridor,41,1360,1
CDnet2014,corridor,42,1362,1
CDnet2014,corridor,43,1366,3
CDnet2014,corridor,44,1370,3
CDnet2014,corridor,45,1374,2
CDnet2014,corridor,46,1377,1
CDnet2014,corridor,47,1379,5
CDnet2014,corridor,48,1385,209
CDnet2014,corridor,49,1595,3
CDnet2014,corridor,50,1599,432
CDnet2014,corridor,51,2032,4
CDnet2014,corridor,52,2037,15
CDnet2014,corridor,53,2053,1
CDnet2014,corridor,54,2337,1
CDnet2014,corridor,55,2339,1
CDnet2014,corridor,56,2341,2
CDnet2014,corridor,57,2345,43
CDnet2014,corridor,58,2393,209
CDnet2014,corridor,59,2604,1
CDnet2014,corridor,60,2992,1
CDnet2014,corridor,61,2994,12
CDnet2014,corridor,62,3008,3
CDnet2014,corridor,63,3019,5
CDnet2014,corridor,64,3025,4
CDnet2014,corridor,65,3030,70
CDnet2014,corridor,66,3102,1
CDnet2014,corridor,67,3106,25
CDnet2014,corridor,68,3137,9
CDnet2014,corridor,69,3147,4
CDnet2014,corridor,70,3152,2
CDnet2014,corridor,71,3155,28
CDnet2014,corridor,72,3184,3
CDnet2014,corridor,73,3202,6
CDnet2014,corridor,74,3211,3
CDnet2014,corridor,75,3221,2
CDnet2014,corridor,76,3243,29
CDnet2014,corridor,77,3273,1
CDnet2014,corridor,78,3275,7
CDnet2014,corridor,79,3284,5
CDnet2014,corridor,80,3290,1
CDnet2014,corridor,81,3304,3
CDnet2014,corridor,82,3308,2
CDnet2014,corridor,83,3314,1
CDnet2014,corridor,84,3316,3
CDnet2014,corridor,85,3320,9
CDnet2014,corridor,86,3331,15
CDnet2014,corridor,87,3350,5
CDnet2014,corridor,88,3358,1
CDnet2014,corridor,89,3362,1
CDnet2014,corridor,90,3364,1
CDnet2014,corridor,91,3366,4
CDnet2014,corridor,92,3372,3
CDnet2014,corridor,93,3393,1
CDnet2014,corridor,94,3400,1
CDnet2014,corridor,95,3407,1
CDnet2014,corridor,96,3413,1
CDnet2014,corridor,97,3416,2
CDnet2014,corridor,98,3419,1
CDnet2014,corridor,99,3421,26
CDnet2014,corridor,100,3448,16
CDnet2014,corridor,101,3465,9
CDnet2014,corridor,102,3475,2
CDnet2014,corridor,103,3478,5
CDnet2014,corridor,104,3484,1
CDnet2014,corridor,105,3486,7
CDnet2014,corridor,106,3494,4
CDnet2014,corridor,107,3499,1
CDnet2014,corridor,108,3503,1
CDnet2014,corridor,109,3506,2
CDnet2014,corridor,110,3510,2
CDnet2014,corridor,111,3513,2
CDnet2014,corridor,112,3839,1
CDnet2014,corridor,113,4021,1
CDnet2014,corridor,114,4039,1
CDnet2014,corridor,115,4564,2
CDnet2014,corridor,116,4573,215
CDnet2014,corridor,117,4911,1
CDnet2014,corridor,118,4915,76
CDnet2014,corridor,119,4992,58
CDnet2014,corridor,120,5051,1
CDnet2014,cubicle,0,1100,6300
CDnet2014,diningRoom,0,700,1095
CDnet2014,diningRoom,1,1797,3
CDnet2014,diningRoom,2,1802,2
CDnet2014,diningRoom,3,1805,24
CDnet2014,diningRoom,4,1830,64
CDnet2014,diningRoom,5,1895,258
CDnet2014,diningRoom,6,2154,1
CDnet2014,diningRoom,7,2156,3
CDnet2014,diningRoom,8,2160,542
CDnet2014,diningRoom,9,2703,67
CDnet2014,diningRoom,10,2771,67
CDnet2014,diningRoom,11,2840,431
CDnet2014,diningRoom,12,3272,428
CDnet2014,fall,0,1000,3000
CDnet2014,fluidHighway,0,404,2
CDnet2014,fluidHighway,1,409,11
CDnet2014,fluidHighway,2,421,57
CDnet2014,fluidHighway,3,484,1
CDnet2014,fluidHighway,4,491,2
CDnet2014,fluidHighway,5,515,2
CDnet2014,fluidHighway,6,518,17
CDnet2014,fluidHighway,7,536,3
CDnet2014,fluidHighway,8,541,3
CDnet2014,fluidHighway,9,545,2
CDnet2014,fluidHighway,10,548,3
CDnet2014,fluidHighway,11,553,7
CDnet2014,fluidHighway,12,568,1
CDnet2014,fluidHighway,13,573,1
CDnet2014,fluidHighway,14,586,1
CDnet2014,fluidHighway,15,589,3
CDnet2014,fluidHighway,16,604,1
CDnet2014,fluidHighway,17,606,1
CDnet2014,fluidHighway,18,614,1
CDnet2014,fluidHighway,19,623,3
CDnet2014,fluidHighway,20,646,6
CDnet2014,fluidHighway,21,656,2
CDnet2014,fluidHighway,22,682,3
CDnet2014,fluidHighway,23,686,2
CDnet2014,fluidHighway,24,689,4
CDnet2014,fluidHighway,25,695,5
CDnet2014,fluidHighway,26,703,4
CDnet2014,fluidHighway,27,708,1
CDnet2014,fluidHighway,28,710,2
CDnet2014,fluidHighway,29,713,5
CDnet2014,fluidHighway,30,719,2
CDnet2014,fluidHighway,31,788,53
CDnet2014,fluidHighway,32,842,1
CDnet2014,fluidHighway,33,844,13
CDnet2014,fluidHighway,34,859,1
CDnet2014,fluidHighway,35,865,1
CDnet2014,fluidHighway,36,874,1
CDnet2014,fluidHighway,37,879,2
CDnet2014,fluidHighway,38,883,1
CDnet2014,fluidHighway,39,887,2
CDnet2014,fluidHighway,40,892,1
CDnet2014,fluidHighway,41,920,2
CDnet2014,fluidHighway,42,924,5
CDnet2014,fluidHighway,43,935,2
CDnet2014,fluidHighway,44,945,1
CDnet2014,fluidHighway,45,947,1
CDnet2014,fluidHighway,46,952,1
CDnet2014,fluidHighway,47,956,2
CDnet2014,fluidHighway,48,959,2
CDnet2014,fluidHighway,49,962,2
CDnet2014,fluidHighway,50,965,9
CDnet2014,fluidHighway,51,980,2
CDnet2014,fluidHighway,52,986,20
CDnet2014,fluidHighway,53,1007,7
CDnet2014,fluidHighway,54,1015,12
CDnet2014,fluidHighway,55,1028,32
CDnet2014,fluidHighway,56,1063,49
CDnet2014,fluidHighway,57,1114,4
CDnet2014,fluidHighway,58,1119,1
CDnet2014,fluidHighway,59,1121,17
CDnet2014,fluidHighway,60,1143,13
CDnet2014,fluidHighway,61,1157,11
CDnet2014,fluidHighway,62,1169,12
CDnet2014,fluidHighway,63,1182,8
CDnet2014,fluidHighway,64,1193,2
CDnet2014,fluidHighway,65,1196,6
CDnet2014,fluidHighway,66,1204,3
CDnet2014,fluidHighway,67,1208,23
CDnet2014,fluidHighway,68,1234,3
CDnet2014,fluidHighway,69,1240,1
CDnet2014,fluidHighway,70,1246,9
CDnet2014,fluidHighway,71,1258,4
CDnet2014,fluidHighway,72,1271,6
CDnet2014,fluidHighway,73,1343,5
CDnet2014,fluidHighway,74,1351,1
CDnet2014,fluidHighway,75,1359,5
CDnet2014,fountain01,0,400,784
CDnet2014,fountain02,0,575,1
CDnet2014,fountain02,1,615,1
CDnet2014,fountain02,2,638,1
CDnet2014,fountain02,3,656,11
CDnet2014,fountain02,4,669,9
CDnet2014,fountain02,5,680,8
CDnet2014,fountain02,6,689,24
CDnet2014,fountain02,7,714,46
CDnet2014,fountain02,8,761,1
CDnet2014,fountain02,9,764,1
CDnet2014,fountain02,10,788,1
CDnet2014,fountain02,11,1222,1
CDnet2014,fountain02,12,1224,11
CDnet2014,fountain02,13,1247,1
CDnet2014,fountain02,14,1251,3
CDnet2014,fountain02,15,1255,2
CDnet2014,fountain02,16,1258,1
CDnet2014,fountain02,17,1262,32
CDnet2014,highway,0,474,5
CDnet2014,highway,1,483,1
CDnet2014,highway,2,485,3
CDnet2014,highway,3,489,24
CDnet2014,highway,4,514,1186
CDnet2014,intermittentPan,0,1200,194
CDnet2014,intermittentPan,1,1398,1
CDnet2014,intermittentPan,2,1426,1
CDnet2014,intermittentPan,3,1433,1
CDnet2014,intermittentPan,4,1457,1
CDnet2014,intermittentPan,5,1482,14
CDnet2014,intermittentPan,6,1497,14
CDnet2014,intermittentPan,7,1512,16
CDnet2014,intermittentPan,8,1529,90
CDnet2014,intermittentPan,9,1621,1
CDnet2014,intermittentPan,10,1626,8
CDnet2014,intermittentPan,11,1641,17
CDnet2014,intermittentPan,12,1660,321
CDnet2014,intermittentPan,13,1982,12
CDnet2014,intermittentPan,14,1995,1
CDnet2014,intermittentPan,15,2013,4
CDnet2014,intermittentPan,16,2018,2
CDnet2014,intermittentPan,17,2021,1
CDnet2014,intermittentPan,18,2023,17
CDnet2014,intermittentPan,19,2041,81
CDnet2014,intermittentPan,20,2124,13
CDnet2014,intermittentPan,21,2242,132
CDnet2014,intermittentPan,22,2384,27
CDnet2014,intermittentPan,23,2457,35
CDnet2014,intermittentPan,24,2585,27
CDnet2014,intermittentPan,25,2613,14
CDnet2014,intermittentPan,26,2628,71
CDnet2014,intermittentPan,27,2700,10
CDnet2014,intermittentPan,28,2731,8
CDnet2014,intermittentPan,29,2740,2
CDnet2014,intermittentPan,30,2745,454
CDnet2014,intermittentPan,31,3203,12
CDnet2014,intermittentPan,32,3216,1
CDnet2014,intermittentPan,33,3218,79
CDnet2014,intermittentPan,34,3298,144
CDnet2014,intermittentPan,35,3443,11
CDnet2014,intermittentPan,36,3455,10
CDnet2014,intermittentPan,37,3479,21
CDnet2014,lakeSide,0,1061,13
CDnet2014,lakeSide,1,1106,5
CDnet2014,lakeSide,2,1112,3
CDnet2014,lakeSide,3,1121,3
CDnet2014,lakeSide,4,1126,4
CDnet2014,lakeSide,5,1131,16
CDnet2014,lakeSide,6,1148,7
CDnet2014,lakeSide,7,1180,6
CDnet2014,lakeSide,8,1195,2
CDnet2014,lakeSide,9,1198,4
CDnet2014,lakeSide,10,1203,662
CDnet2014,lakeSide,11,1866,101
CDnet2014,lakeSide,12,1968,65
CDnet2014,lakeSide,13,2034,10
CDnet2014,lakeSide,14,2045,12
CDnet2014,lakeSide,15,2060,1
CDnet2014,lakeSide,16,2062,2
CDnet2014,lakeSide,17,2065,3
CDnet2014,lakeSide,18,2070,25
CDnet2014,lakeSide,19,2096,1
CDnet2014,lakeSide,20,2102,10
CDnet2014,lakeSide,21,2116,4
CDnet2014,lakeSide,22,2123,2
CDnet2014,lakeSide,23,2126,10
CDnet2014,lakeSide,24,2137,4
CDnet2014,lakeSide,25,2142,6
CDnet2014,lakeSide,26,2149,37
CDnet2014,lakeSide,27,2187,5
CDnet2014,lakeSide,28,2193,821
CDnet2014,lakeSide,29,3015,93
CDnet2014,lakeSide,30,3109,513
CDnet2014,lakeSide,31,3623,7
CDnet2014,lakeSide,32,3631,155
CDnet2014,lakeSide,33,3787,30
CDnet2014,lakeSide,34,3818,151
CDnet2014,lakeSide,35,3970,232
CDnet2014,lakeSide,36,4204,15
CDnet2014,lakeSide,37,4220,78
CDnet2014,lakeSide,38,4300,9
CDnet2014,lakeSide,39,4311,2
CDnet2014,lakeSide,40,4315,39
CDnet2014,lakeSide,41,4355,2
CDnet2014,lakeSide,42,4358,4
CDnet2014,lakeSide,43,4363,3
CDnet2014,lakeSide,44,4368,11
CDnet2014,lakeSide,45,4380,14
CDnet2014,lakeSide,46,4403,5
CDnet2014,lakeSide,47,4412,1
CDnet2014,lakeSide,48,4416,17
CDnet2014,lakeSide,49,4434,17
CDnet2014,lakeSide,50,4452,39
CDnet2014,lakeSide,51,4492,1
CDnet2014,lakeSide,52,4494,1
CDnet2014,lakeSide,53,4497,2
CDnet2014,lakeSide,54,4500,17
CDnet2014,lakeSide,55,4519,1
CDnet2014,lakeSide,56,4521,1
CDnet2014,lakeSide,57,4587,1
CDnet2014,lakeSide,58,4590,4
CDnet2014,lakeSide,59,4596,1
CDnet2014,lakeSide,60,4598,1
CDnet2014,lakeSide,61,4601,1
CDnet2014,lakeSide,62,4670,1
CDnet2014,lakeSide,63,4675,2
CDnet2014,lakeSide,64,4689,1
CDnet2014,lakeSide,65,4691,7
CDnet2014,lakeSide,66,4699,3
CDnet2014,lakeSide,67,4720,1
CDnet2014,lakeSide,68,4727,2
CDnet2014,lakeSide,69,4731,2
CDnet2014,lakeSide,70,4753,196
CDnet2014,lakeSide,71,4950,349
CDnet2014,lakeSide,72,5300,38
CDnet2014,lakeSide,73,5339,1
CDnet2014,lakeSide,74,5343,3
CDnet2014,lakeSide,75,5348,8
CDnet2014,lakeSide,76,5357,1
CDnet2014,lakeSide,77,5365,2
CDnet2014,lakeSide,78,5375,6
CDnet2014,lakeSide,79,5382,1
CDnet2014,lakeSide,80,5384,4
CDnet2014,lakeSide,81,5389,2
CDnet2014,lakeSide,82,5395,2
CDnet2014,lakeSide,83,5401,3
CDnet2014,lakeSide,84,5892,1
CDnet2014,lakeSide,85,5897,1
CDnet2014,lakeSide,86,5906,15
CDnet2014,lakeSide,87,5922,1
CDnet2014,lakeSide,88,5954,1
CDnet2014,lakeSide,89,5956,1
CDnet2014,lakeSide,90,5958,1
CDnet2014,lakeSide,91,5968,1
CDnet2014,lakeSide,92,5970,1
CDnet2014,lakeSide,93,5972,5
CDnet2014,lakeSide,94,5978,2
CDnet2014,lakeSide,95,5981,2
CDnet2014,lakeSide,96,6078,1
CDnet2014,lakeSide,97,6089,1
CDnet2014,lakeSide,98,6098,1
CDnet2014,lakeSide,99,6170,4
CDnet2014,lakeSide,100,6175,2
CDnet2014,lakeSide,101,6178,2
CDnet2014,lakeSide,102,6181,5
CDnet2014,lakeSide,103,6187,8
CDnet2014,lakeSide,104,6196,5
CDnet2014,lakeSide,105,6205,2
CDnet2014,lakeSide,106,6209,5
CDnet2014,lakeSide,107,6224,7
CDnet2014,lakeSide,108,6234,3
CDnet2014,lakeSide,109,6238,1
CDnet2014,lakeSide,110,6241,1
CDnet2014,lakeSide,111,6243,2
CDnet2014,lakeSide,112,6247,1
CDnet2014,lakeSide,113,6251,2
CDnet2014,lakeSide,114,6257,1
CDnet2014,lakeSide,115,6260,2
CDnet2014,lakeSide,116,6271,1
CDnet2014,lakeSide,117,6285,1
CDnet2014,lakeSide,118,6287,1
CDnet2014,lakeSide,119,6294,5
CDnet2014,lakeSide,120,6304,6
CDnet2014,lakeSide,121,6311,6
CDnet2014,lakeSide,122,6318,1
CDnet2014,lakeSide,123,6320,1
CDnet2014,lakeSide,124,6322,19
CDnet2014,lakeSide,125,6344,1
CDnet2014,lakeSide,126,6346,2
CDnet2014,lakeSide,127,6349,1
CDnet2014,lakeSide,128,6351,1
CDnet2014,lakeSide,129,6408,2
CDnet2014,lakeSide,130,6412,7
CDnet2014,lakeSide,131,6420,4
CDnet2014,lakeSide,132,6426,1
CDnet2014,lakeSide,133,6432,1
CDnet2014,library,0,862,2
CDnet2014,library,1,867,3
CDnet2014,library,2,871,3506
CDnet2014,library,3,4378,2
CDnet2014,library,4,4381,1
CDnet2014,library,5,4383,92
CDnet2014,library,6,4487,2
CDnet2014,library,7,4498,1
CDnet2014,library,8,4505,1
CDnet2014,library,9,4511,1
CDnet2014,library,10,4529,1
CDnet2014,library,11,4531,1
CDnet2014,library,12,4540,2
CDnet2014,library,13,4550,1
CDnet2014,library,14,4552,2
CDnet2014,library,15,4561,1
CDnet2014,library,16,4563,1
CDnet2014,library,17,4570,1
CDnet2014,library,18,4577,1
CDnet2014,library,19,4582,1
CDnet2014,library,20,4585,2
CDnet2014,library,21,4602,1
CDnet2014,library,22,4606,1
CDnet2014,library,23,4613,1
CDnet2014,library,24,4620,1
CDnet2014,library,25,4622,2
CDnet2014,library,26,4634,1
CDnet2014,library,27,4638,1
CDnet2014,library,28,4650,1
CDnet2014,library,29,4656,1
CDnet2014,library,30,4659,1
CDnet2014,library,31,4662,1
CDnet2014,library,32,4665,2
CDnet2014,library,33,4669,1
CDnet2014,library,34,4672,1
CDnet2014,library,35,4681,2
CDnet2014,library,36,4685,1
CDnet2014,library,37,4688,1
CDnet2014,library,38,4692,1
CDnet2014,library,39,4695,2
CDnet2014,library,40,4702,1
CDnet2014,library,41,4713,1
CDnet2014,library,42,4723,1
CDnet2014,library,43,4725,1
CDnet2014,library,44,4734,1
CDnet2014,library,45,4737,1
CDnet2014,library,46,4740,1
CDnet2014,library,47,4743,1
CDnet2014,library,48,4745,1
CDnet2014,library,49,4749,1
CDnet2014,library,50,4751,2
CDnet2014,library,51,4757,1
CDnet2014,library,52,4760,2
CDnet2014,library,53,4765,2
CDnet2014,library,54,4769,1
CDnet2014,library,55,4771,2
CDnet2014,library,56,4781,1
CDnet2014,library,57,4784,1
CDnet2014,library,58,4786,1
CDnet2014,library,59,4791,1
CDnet2014,library,60,4794,1
CDnet2014,library,61,4798,1
CDnet2014,library,62,4807,2
CDnet2014,library,63,4811,2
CDnet2014,library,64,4817,2
CDnet2014,library,65,4830,1
CDnet2014,library,66,4839,3
CDnet2014,library,67,4843,1
CDnet2014,library,68,4848,1
CDnet2014,library,69,4850,3
CDnet2014,library,70,4856,1
CDnet2014,library,71,4858,1
CDnet2014,library,72,4862,1
CDnet2014,library,73,4867,1
CDnet2014,library,74,4870,2
CDnet2014,library,75,4874,2
CDnet2014,library,76,4883,1
CDnet2014,library,77,4885,2
CDnet2014,library,78,4888,1
CDnet2014,library,79,4893,1
CDnet2014,office,0,570,1480
CDnet2014,overpass,0,1104,1
CDnet2014,overpass,1,1617,1
CDnet2014,overpass,2,2336,493
CDnet2014,overpass,3,2831,2
CDnet2014,overpass,4,2863,5
CDnet2014,overpass,5,2871,1
CDnet2014,overpass,6,2873,1
CDnet2014,overpass,7,2878,7
CDnet2014,overpass,8,2886,72
CDnet2014,park,0,250,22
CDnet2014,park,1,273,2
CDnet2014,park,2,276,70
CDnet2014,park,3,348,3
CDnet2014,park,4,352,16
CDnet2014,park,5,369,1
CDnet2014,park,6,371,1
CDnet2014,park,7,373,2
CDnet2014,park,8,377,4
CDnet2014,park,9,384,1
CDnet2014,park,10,387,8
CDnet2014,park,11,396,1
CDnet2014,park,12,401,5
CDnet2014,park,13,408,1
CDnet2014,park,14,451,1
CDnet2014,park,15,464,3
CDnet2014,park,16,468,1
CDnet2014,park,17,475,2
CDnet2014,park,18,483,1
CDnet2014,park,19,485,9
CDnet2014,park,20,495,8
CDnet2014,park,21,504,58
CDnet2014,park,22,565,6
CDnet2014,parking,0,1100,1400
CDnet2014,pedestrians,0,300,799
CDnet2014,peopleInShade,0,287,79
CDnet2014,peopleInShade,1,437,70
CDnet2014,peopleInShade,2,574,230
CDnet2014,peopleInShade,3,833,137
CDnet2014,peopleInShade,4,1056,62
CDnet2014,port_0_17fps,0,1000,135
CDnet2014,port_0_17fps,1,1136,22
CDnet2014,port_0_17fps,2,1159,460
CDnet2014,port_0_17fps,3,1620,12
CDnet2014,port_0_17fps,4,1633,16
CDnet2014,port_0_17fps,5,1650,2
CDnet2014,port_0_17fps,6,1653,27
CDnet2014,port_0_17fps,7,1681,3
CDnet2014,port_0_17fps,8,1685,25
CDnet2014,port_0_17fps,9,1711,3
CDnet2014,port_0_17fps,10,1715,6
CDnet2014,port_0_17fps,11,1723,2
CDnet2014,port_0_17fps,12,1726,1
CDnet2014,port_0_17fps,13,1728,2
CDnet2014,port_0_17fps,14,1731,1
CDnet2014,port_0_17fps,15,1735,1
CDnet2014,port_0_17fps,16,1737,2
CDnet2014,port_0_17fps,17,1740,2
CDnet2014,port_0_17fps,18,1743,6
CDnet2014,port_0_17fps,19,1751,3
CDnet2014,port_0_17fps,20,1755,11
CDnet2014,port_0_17fps,21,1767,1
CDnet2014,port_0_17fps,22,1769,2
CDnet2014,port_0_17fps,23,1772,72
CDnet2014,port_0_17fps,24,1845,2
CDnet2014,port_0_17fps,25,1848,22
CDnet2014,port_0_17fps,26,1872,36
CDnet2014,port_0_17fps,27,1909,4
CDnet2014,port_0_17fps,28,1914,5
CDnet2014,port_0_17fps,29,1920,2
CDnet2014,port_0_17fps,30,1923,11
CDnet2014,port_0_17fps,31,1935,3
CDnet2014,port_0_17fps,32,1939,9
CDnet2014,port_0_17fps,33,1949,7
CDnet2014,port_0_17fps,34,1957,2
CDnet2014,port_0_17fps,35,1960,22
CDnet2014,port_0_17fps,36,1983,4
CDnet2014,port_0_17fps,37,1988,13
CDnet2014,port_0_17fps,38,2002,73
CDnet2014,port_0_17fps,39,2076,924
CDnet2014,sidewalk,0,800,198
CDnet2014,sidewalk,1,999,3
CDnet2014,sidewalk,2,1003,197
CDnet2014,skating,0,800,3100
CDnet2014,snowFall,0,800,303
CDnet2014,snowFall,1,1104,5
CDnet2014,snowFall,2,1110,2
CDnet2014,snowFall,3,1114,1
CDnet2014,snowFall,4,1309,1
CDnet2014,snowFall,5,1311,1
CDnet2014,snowFall,6,1314,3
CDnet2014,snowFall,7,1318,141
CDnet2014,snowFall,8,2736,112
CDnet2014,snowFall,9,2849,110
CDnet2014,snowFall,10,2960,2
CDnet2014,snowFall,11,3803,1
CDnet2014,snowFall,12,3805,218
CDnet2014,snowFall,13,4024,1
CDnet2014,snowFall,14,4207,237
CDnet2014,snowFall,15,4445,1
CDnet2014,snowFall,16,4447,1
CDnet2014,snowFall,17,4449,12
CDnet2014,snowFall,18,4470,2
CDnet2014,snowFall,19,4473,1
CDnet2014,snowFall,20,4475,1
CDnet2014,snowFall,21,5298,103
CDnet2014,snowFall,22,5404,111
CDnet2014,snowFall,23,5517,1
CDnet2014,snowFall,24,5521,1
CDnet2014,snowFall,25,5669,132
CDnet2014,snowFall,26,5802,2
CDnet2014,snowFall,27,5805,27
CDnet2014,snowFall,28,5833,3
CDnet2014,snowFall,29,5837,6
CDnet2014,snowFall,30,5845,4
CDnet2014,snowFall,31,6436,1
CDnet2014,snowFall,32,6438,37
CDnet2014,snowFall,33,6476,24
CDnet2014,sofa,0,500,2250
CDnet2014,streetCornerAtNight,0,869,31
CDnet2014,streetCornerAtNight,1,904,2
CDnet2014,streetCornerAtNight,2,909,9
CDnet2014,streetCornerAtNight,3,966,47
CDnet2014,streetCornerAtNight,4,1015,1
CDnet2014,streetCornerAtNight,5,1147,1
CDnet2014,streetCornerAtNight,6,1156,2
CDnet2014,streetCornerAtNight,7,1161,1
CDnet2014,streetCornerAtNight,8,1164,1
CDnet2014,streetCornerAtNight,9,1237,4
CDnet2014,streetCornerAtNight,10,1245,6
CDnet2014,streetCornerAtNight,11,1252,2
CDnet2014,streetCornerAtNight,12,1260,5
CDnet2014,streetCornerAtNight,13,1268,1
CDnet2014,streetCornerAtNight,14,1270,2
CDnet2014,streetCornerAtNight,15,1273,8
CDnet2014,streetCornerAtNight,16,1347,1
CDnet2014,streetCornerAtNight,17,1349,2
CDnet2014,streetCornerAtNight,18,1356,3
CDnet2014,streetCornerAtNight,19,1508,32
CDnet2014,streetCornerAtNight,20,1547,2
CDnet2014,streetCornerAtNight,21,1565,1
CDnet2014,streetCornerAtNight,22,1569,1
CDnet2014,streetCornerAtNight,23,1571,2
CDnet2014,streetCornerAtNight,24,1575,2
CDnet2014,streetCornerAtNight,25,1658,1
CDnet2014,streetCornerAtNight,26,1661,11
CDnet2014,streetCornerAtNight,27,1762,4
CDnet2014,streetCornerAtNight,28,1769,1
CDnet2014,streetCornerAtNight,29,1771,1
CDnet2014,streetCornerAtNight,30,1776,15
CDnet2014,streetCornerAtNight,31,1833,4
CDnet2014,streetCornerAtNight,32,1877,2
CDnet2014,streetCornerAtNight,33,1912,1
CDnet2014,streetCornerAtNight,34,2056,1
CDnet2014,streetCornerAtNight,35,2116,1
CDnet2014,streetCornerAtNight,36,2137,2
CDnet2014,streetCornerAtNight,37,2233,1
CDnet2014,streetCornerAtNight,38,2311,1
CDnet2014,streetCornerAtNight,39,2339,2
CDnet2014,streetCornerAtNight,40,2471,6
CDnet2014,streetCornerAtNight,41,2478,1
CDnet2014,streetCornerAtNight,42,2480,8
CDnet2014,streetCornerAtNight,43,2489,4
CDnet2014,streetCornerAtNight,44,2494,4
CDnet2014,streetCornerAtNight,45,2569,2
CDnet2014,streetCornerAtNight,46,2580,3
CDnet2014,streetCornerAtNight,47,2584,2
CDnet2014,streetCornerAtNight,48,2588,10
CDnet2014,streetCornerAtNight,49,2599,1
CDnet2014,streetCornerAtNight,50,2601,14
CDnet2014,streetCornerAtNight,51,2616,5
CDnet2014,streetCornerAtNight,52,2758,1
CDnet2014,streetCornerAtNight,53,2760,3
CDnet2014,streetCornerAtNight,54,2764,1
CDnet2014,streetCornerAtNight,55,2770,7
CDnet2014,streetCornerAtNight,56,2778,1
CDnet2014,streetCornerAtNight,57,2780,1
CDnet2014,streetCornerAtNight,58,2782,51
CDnet2014,streetCornerAtNight,59,2837,1
CDnet2014,streetCornerAtNight,60,2886,2
CDnet2014,streetCornerAtNight,61,2891,1
CDnet2014,streetCornerAtNight,62,2936,1
CDnet2014,streetCornerAtNight,63,2938,1
CDnet2014,streetCornerAtNight,64,2940,2
CDnet2014,streetCornerAtNight,65,2972,5
CDnet2014,streetCornerAtNight,66,2979,2
CDnet2014,streetCornerAtNight,67,2982,22
CDnet2014,streetCornerAtNight,68,3161,13
CDnet2014,streetCornerAtNight,69,3184,1
CDnet2014,streetCornerAtNight,70,3186,4
CDnet2014,streetCornerAtNight,71,3303,1
CDnet2014,streetCornerAtNight,72,3395,2
CDnet2014,streetCornerAtNight,73,3461,1
CDnet2014,streetCornerAtNight,74,3765,1
CDnet2014,streetCornerAtNight,75,3811,1
CDnet2014,streetCornerAtNight,76,3817,1
CDnet2014,streetCornerAtNight,77,3819,4
CDnet2014,streetCornerAtNight,78,3824,8
CDnet2014,streetCornerAtNight,79,3839,1
CDnet2014,streetCornerAtNight,80,3841,1
CDnet2014,streetCornerAtNight,81,3847,11
CDnet2014,streetCornerAtNight,82,3871,1
CDnet2014,streetCornerAtNight,83,3875,1
CDnet2014,streetCornerAtNight,84,3878,1
CDnet2014,streetCornerAtNight,85,3890,1
CDnet2014,streetCornerAtNight,86,3895,1
CDnet2014,streetCornerAtNight,87,3951,1
CDnet2014,streetCornerAtNight,88,3956,45
CDnet2014,streetCornerAtNight,89,4004,1
CDnet2014,streetCornerAtNight,90,4010,2
CDnet2014,streetCornerAtNight,91,4168,7
CDnet2014,streetCornerAtNight,92,4176,1
CDnet2014,streetCornerAtNight,93,4178,4
CDnet2014,streetCornerAtNight,94,4183,1
CDnet2014,streetCornerAtNight,95,4185,26
CDnet2014,streetCornerAtNight,96,4212,6
CDnet2014,streetCornerAtNight,97,4220,5
CDnet2014,streetCornerAtNight,98,4226,2
CDnet2014,streetCornerAtNight,99,4229,2
CDnet2014,streetCornerAtNight,100,4285,5
CDnet2014,streetCornerAtNight,101,4291,1
CDnet2014,streetCornerAtNight,102,4296,3
CDnet2014,streetCornerAtNight,103,4439,1
CDnet2014,streetCornerAtNight,104,4443,1
CDnet2014,streetCornerAtNight,105,4452,13
CDnet2014,streetCornerAtNight,106,4466,11
CDnet2014,streetCornerAtNight,107,4478,1
CDnet2014,streetCornerAtNight,108,4499,1
CDnet2014,streetCornerAtNight,109,4520,1
CDnet2014,streetCornerAtNight,110,4528,1
CDnet2014,streetCornerAtNight,111,4530,4
CDnet2014,streetCornerAtNight,112,4535,4
CDnet2014,streetCornerAtNight,113,4547,5
CDnet2014,streetCornerAtNight,114,4554,1
CDnet2014,streetCornerAtNight,115,4557,1
CDnet2014,streetCornerAtNight,116,4559,1
CDnet2014,streetCornerAtNight,117,4569,1
CDnet2014,streetCornerAtNight,118,4576,1
CDnet2014,streetCornerAtNight,119,4605,1
CDnet2014,streetCornerAtNight,120,4607,1
CDnet2014,streetCornerAtNight,121,4657,5
CDnet2014,streetCornerAtNight,122,4663,1
CDnet2014,streetCornerAtNight,123,4666,1
CDnet2014,streetCornerAtNight,124,4668,2
CDnet2014,streetCornerAtNight,125,4674,1
CDnet2014,streetCornerAtNight,126,4708,1
CDnet2014,streetCornerAtNight,127,4713,2
CDnet2014,streetCornerAtNight,128,4777,1
CDnet2014,streetCornerAtNight,129,4783,1
CDnet2014,streetCornerAtNight,130,4785,6
CDnet2014,streetCornerAtNight,131,4794,46
CDnet2014,streetCornerAtNight,132,4841,1
CDnet2014,streetCornerAtNight,133,4843,7
CDnet2014,streetCornerAtNight,134,4851,2
CDnet2014,streetCornerAtNight,135,4854,17
CDnet2014,streetCornerAtNight,136,4872,2
CDnet2014,streetCornerAtNight,137,4875,1
CDnet2014,streetCornerAtNight,138,4877,2
CDnet2014,streetCornerAtNight,139,4880,3
CDnet2014,streetCornerAtNight,140,4890,1
CDnet2014,streetCornerAtNight,141,4896,6
CDnet2014,streetCornerAtNight,142,4903,1
CDnet2014,streetCornerAtNight,143,4953,1
CDnet2014,streetCornerAtNight,144,5012,1
CDnet2014,streetCornerAtNight,145,5014,2
CDnet2014,streetLight,0,175,1207
CDnet2014,streetLight,1,1383,174
CDnet2014,streetLight,2,1559,996
CDnet2014,streetLight,3,2556,1
CDnet2014,streetLight,4,2559,1
CDnet2014,streetLight,5,2562,52
CDnet2014,streetLight,6,2615,1
CDnet2014,streetLight,7,2617,56
CDnet2014,streetLight,8,2676,1
CDnet2014,streetLight,9,2678,1
CDnet2014,streetLight,10,2680,4
CDnet2014,streetLight,11,2685,261
CDnet2014,streetLight,12,2948,25
CDnet2014,streetLight,13,2975,225
CDnet2014,traffic,0,940,1
CDnet2014,traffic,1,944,1
CDnet2014,traffic,2,946,1
CDnet2014,traffic,3,954,1
CDnet2014,traffic,4,956,3
CDnet2014,traffic,5,961,16
CDnet2014,traffic,6,979,3
CDnet2014,traffic,7,989,10
CDnet2014,traffic,8,1000,5
CDnet2014,traffic,9,1006,4
CDnet2014,traffic,10,1024,1
CDnet2014,traffic,11,1026,1
CDnet2014,traffic,12,1028,3
CDnet2014,traffic,13,1034,3
CDnet2014,traffic,14,1038,2
CDnet2014,traffic,15,1042,2
CDnet2014,traffic,16,1045,1
CDnet2014,traffic,17,1056,2
CDnet2014,traffic,18,1061,18
CDnet2014,traffic,19,1080,1
CDnet2014,traffic,20,1082,1
CDnet2014,traffic,21,1089,3
CDnet2014,traffic,22,1097,1
CDnet2014,traffic,23,1099,1
CDnet2014,traffic,24,1101,1
CDnet2014,traffic,25,1104,18
CDnet2014,traffic,26,1128,1
CDnet2014,traffic,27,1137,2
CDnet2014,traffic,28,1141,1
CDnet2014,traffic,29,1143,1
CDnet2014,traffic,30,1146,4
CDnet2014,traffic,31,1152,4
CDnet2014,traffic,32,1157,3
CDnet2014,traffic,33,1164,1
CDnet2014,traffic,34,1170,4
CDnet2014,traffic,35,1175,3
CDnet2014,traffic,36,1179,3
CDnet2014,traffic,37,1184,1
CDnet2014,traffic,38,1186,1
CDnet2014,traffic,39,1188,1
CDnet2014,traffic,40,1192,1
CDnet2014,traffic,41,1198,7
CDnet2014,traffic,42,1206,5
CDnet2014,traffic,43,1212,3
CDnet2014,traffic,44,1216,3
CDnet2014,traffic,45,1221,3
CDnet2014,traffic,46,1235,30
CDnet2014,traffic,47,1267,1
CDnet2014,traffic,48,1278,1
CDnet2014,traffic,49,1282,1
CDnet2014,traffic,50,1284,2
CDnet2014,traffic,51,1287,7
CDnet2014,traffic,52,1295,10
CDnet2014,traffic,53,1306,4
CDnet2014,traffic,54,1322,1
CDnet2014,traffic,55,1324,1
CDnet2014,traffic,56,1326,2
CDnet2014,traffic,57,1330,1
CDnet2014,traffic,58,1334,3
CDnet2014,traffic,59,1338,16
CDnet2014,traffic,60,1357,1
CDnet2014,traffic,61,1359,1
CDnet2014,traffic,62,1365,1
CDnet2014,traffic,63,1369,2
CDnet2014,traffic,64,1372,2
CDnet2014,traffic,65,1375,2
CDnet2014,traffic,66,1379,7
CDnet2014,traffic,67,1387,5
CDnet2014,traffic,68,1394,1
CDnet2014,traffic,69,1402,1
CDnet2014,traffic,70,1410,4
CDnet2014,traffic,71,1415,11
CDnet2014,traffic,72,1427,1
CDnet2014,traffic,73,1429,1
CDnet2014,traffic,74,1432,1
CDnet2014,traffic,75,1434,1
CDnet2014,traffic,76,1441,1
CDnet2014,traffic,77,1445,2
CDnet2014,traffic,78,1448,1
CDnet2014,traffic,79,1452,5
CDnet2014,traffic,80,1458,3
CDnet2014,traffic,81,1464,1
CDnet2014,traffic,82,1474,1
CDnet2014,traffic,83,1478,3
CDnet2014,traffic,84,1482,2
CDnet2014,traffic,85,1485,10
CDnet2014,traffic,86,1496,3
CDnet2014,traffic,87,1500,2
CDnet2014,traffic,88,1503,1
CDnet2014,traffic,89,1514,1
CDnet2014,traffic,90,1517,1
CDnet2014,traffic,91,1520,2
CDnet2014,traffic,92,1523,39
CDnet2014,tramCrossroad_1fps,0,400,34
CDnet2014,tramCrossroad_1fps,1,437,8
CDnet2014,tramCrossroad_1fps,2,447,69
CDnet2014,tramCrossroad_1fps,3,517,346
CDnet2014,tramCrossroad_1fps,4,864,36
CDnet2014,tramStation,0,500,42
CDnet2014,tramStation,1,543,12
CDnet2014,tramStation,2,556,1
CDnet2014,tramStation,3,579,1
CDnet2014,tramStation,4,583,3
CDnet2014,tramStation,5,590,1
CDnet2014,tramStation,6,592,1
CDnet2014,tramStation,7,601,1
CDnet2014,tramStation,8,604,28
CDnet2014,tramStation,9,633,17
CDnet2014,tramStation,10,651,3
CDnet2014,tramStation,11,656,17
CDnet2014,tramStation,12,674,2
CDnet2014,tramStation,13,677,115
CDnet2014,tramStation,14,793,1
CDnet2014,tramStation,15,797,1
CDnet2014,tramStation,16,799,3
CDnet2014,tramStation,17,803,2
CDnet2014,tramStation,18,806,2
CDnet2014,tramStation,19,809,1
CDnet2014,tramStation,20,811,10
CDnet2014,tramStation,21,822,2
CDnet2014,tramStation,22,825,1
CDnet2014,tramStation,23,828,2
CDnet2014,tramStation,24,833,1
CDnet2014,tramStation,25,835,2
CDnet2014,tramStation,26,838,1
CDnet2014,tramStation,27,841,1
CDnet2014,tramStation,28,843,1
CDnet2014,tramStation,29,846,1
CDnet2014,tramStation,30,848,1
CDnet2014,tramStation,31,852,1
CDnet2014,tramStation,32,855,1
CDnet2014,tramStation,33,857,1
CDnet2014,tramStation,34,859,11
CDnet2014,tramStation,35,872,17
CDnet2014,tramStation,36,890,63
CDnet2014,tramStation,37,954,251
CDnet2014,tramStation,38,1208,3
CDnet2014,tramStation,39,1212,23
CDnet2014,tramStation,40,1236,6
CDnet2014,tramStation,41,1243,39
CDnet2014,tramStation,42,1285,171
CDnet2014,tramStation,43,1457,149
CDnet2014,tramStation,44,1607,7
CDnet2014,tramStation,45,1615,61
CDnet2014,tramStation,46,1677,8
CDnet2014,tramStation,47,1686,235
CDnet2014,tramStation,48,1922,753
CDnet2014,tramStation,49,2676,130
CDnet2014,tramStation,50,2807,8
CDnet2014,tramStation,51,2818,3
CDnet2014,tramStation,52,2825,5
CDnet2014,tramStation,53,2831,4
CDnet2014,tramStation,54,2840,11
CDnet2014,tramStation,55,2856,3
CDnet2014,tramStation,56,2860,26
CDnet2014,tramStation,57,2887,3
CDnet2014,tramStation,58,2891,2
CDnet2014,tramStation,59,2894,1
CDnet2014,tramStation,60,2896,6
CDnet2014,tramStation,61,2903,14
CDnet2014,tramStation,62,2919,1
CDnet2014,tramStation,63,2921,28
CDnet2014,tramStation,64,2950,2
CDnet2014,tramStation,65,2953,1
CDnet2014,tramStation,66,2955,45
CDnet2014,tramstop,0,1320,914
CDnet2014,tramstop,1,2236,2
CDnet2014,tramstop,2,2240,4
CDnet2014,tramstop,3,2245,532
CDnet2014,tramstop,4,2784,65
CDnet2014,tramstop,5,2850,2
CDnet2014,tramstop,6,2937,39
CDnet2014,tramstop,7,2977,25
CDnet2014,tramstop,8,3010,57
CDnet2014,tramstop,9,3080,40
CDnet2014,tramstop,10,3121,2
CDnet2014,tramstop,11,3154,32
CDnet2014,tramstop,12,3187,13
CDnet2014,tunnelExit_0_35fps,0,2000,2000
CDnet2014,turbulence0,0,1000,1
CDnet2014,turbulence0,1,1014,1
CDnet2014,turbulence0,2,1024,1
CDnet2014,turbulence0,3,1031,1
CDnet2014,turbulence0,4,1050,1
CDnet2014,turbulence0,5,1061,2
CDnet2014,turbulence0,6,1077,1
CDnet2014,turbulence0,7,1209,2
CDnet2014,turbulence0,8,1296,1
CDnet2014,turbulence0,9,1568,1
CDnet2014,turbulence0,10,1623,2
CDnet2014,turbulence0,11,1626,1
CDnet2014,turbulence0,12,1628,2
CDnet2014,turbulence0,13,1634,6
CDnet2014,turbulence0,14,1642,5
CDnet2014,turbulence0,15,1648,2
CDnet2014,turbulence0,16,1651,2
CDnet2014,turbulence0,17,1654,5
CDnet2014,turbulence0,18,1660,1
CDnet2014,turbulence0,19,1662,2
CDnet2014,turbulence0,20,1666,5
CDnet2014,turbulence0,21,1678,2
CDnet2014,turbulence0,22,1681,6
CDnet2014,turbulence0,23,1689,1
CDnet2014,turbulence0,24,1693,2
CDnet2014,turbulence0,25,1696,3
CDnet2014,turbulence0,26,1700,1
CDnet2014,turbulence0,27,1710,1
CDnet2014,turbulence0,28,1714,2
CDnet2014,turbulence0,29,1718,1
CDnet2014,turbulence0,30,1720,3
CDnet2014,turbulence0,31,1724,3
CDnet2014,turbulence0,32,1728,3
CDnet2014,turbulence0,33,1732,2
CDnet2014,turbulence0,34,1735,1
CDnet2014,turbulence0,35,1742,2
CDnet2014,turbulence0,36,1745,1
CDnet2014,turbulence0,37,1747,1
CDnet2014,turbulence0,38,1749,1
CDnet2014,turbulence0,39,1751,16
CDnet2014,turbulence0,40,1768,12
CDnet2014,turbulence0,41,1781,2
CDnet2014,turbulence0,42,1784,8
CDnet2014,turbulence0,43,1793,35
CDnet2014,turbulence0,44,1829,28
CDnet2014,turbulence0,45,1858,1
CDnet2014,turbulence0,46,1860,7
CDnet2014,turbulence0,47,1868,9
CDnet2014,turbulence0,48,1879,2
CDnet2014,turbulence0,49,1882,1
CDnet2014,turbulence0,50,1885,1
CDnet2014,turbulence0,51,1894,3
CDnet2014,turbulence0,52,1909,1
CDnet2014,turbulence0,53,1912,2
CDnet2014,turbulence0,54,1915,1
CDnet2014,turbulence0,55,1919,1
CDnet2014,turbulence0,56,1922,1
CDnet2014,turbulence0,57,1984,1
CDnet2014,turbulence0,58,1986,1
CDnet2014,turbulence0,59,1990,1
CDnet2014,turbulence0,60,1993,1
CDnet2014,turbulence0,61,2006,1
CDnet2014,turbulence0,62,2041,2
CDnet2014,turbulence0,63,2048,1
CDnet2014,turbulence0,64,2109,1
CDnet2014,turbulence0,65,2118,1
CDnet2014,turbulence0,66,2160,1
CDnet2014,turbulence0,67,2175,1
CDnet2014,turbulence0,68,2206,2
CDnet2014,turbulence0,69,2210,1
CDnet2014,turbulence0,70,2213,1
CDnet2014,turbulence0,71,2225,1
CDnet2014,turbulence0,72,2248,1
CDnet2014,turbulence0,73,2253,2
CDnet2014,turbulence0,74,2259,1
CDnet2014,turbulence0,75,2262,2
CDnet2014,turbulence0,76,2270,2
CDnet2014,turbulence0,77,2274,1
CDnet2014,turbulence0,78,2281,1
CDnet2014,turbulence0,79,2283,2
CDnet2014,turbulence0,80,2286,1
CDnet2014,turbulence0,81,2290,1
CDnet2014,turbulence0,82,2298,4
CDnet2014,turbulence0,83,2303,1
CDnet2014,turbulence0,84,2308,3
CDnet2014,turbulence0,85,2312,5
CDnet2014,turbulence0,86,2318,5
CDnet2014,turbulence0,87,2324,6
CDnet2014,turbulence0,88,2331,5
CDnet2014,turbulence0,89,2339,1
CDnet2014,turbulence0,90,2341,1
CDnet2014,turbulence0,91,2343,1
CDnet2014,turbulence0,92,2347,1
CDnet2014,turbulence0,93,2349,1
CDnet2014,turbulence0,94,2351,1
CDnet2014,turbulence0,95,2354,2
CDnet2014,turbulence0,96,2357,2
CDnet2014,turbulence0,97,2360,1
CDnet2014,turbulence0,98,2364,6
CDnet2014,turbulence0,99,2371,5
CDnet2014,turbulence0,100,2377,3
CDnet2014,turbulence0,101,2381,3
CDnet2014,turbulence0,102,2389,4
CDnet2014,turbulence0,103,2394,1
CDnet2014,turbulence0,104,2396,1
CDnet2014,turbulence0,105,2401,1
CDnet2014,turbulence0,106,2403,3
CDnet2014,turbulence0,107,2407,2
CDnet2014,turbulence0,108,2412,5
CDnet2014,turbulence0,109,2418,1
CDnet2014,turbulence0,110,2422,1
CDnet2014,turbulence0,111,2425,1
CDnet2014,turbulence0,112,2428,9
CDnet2014,turbulence0,113,2438,2
CDnet2014,turbulence0,114,2442,3
CDnet2014,turbulence0,115,2447,2
CDnet2014,turbulence0,116,2451,1
CDnet2014,turbulence0,117,2453,6
CDnet2014,turbulence0,118,2460,20
CDnet2014,turbulence0,119,2481,2
CDnet2014,turbulence0,120,2488,2
CDnet2014,turbulence0,121,2497,1
CDnet2014,turbulence0,122,2499,1
CDnet2014,turbulence0,123,2506,2
CDnet2014,turbulence0,124,2535,1
CDnet2014,turbulence0,125,2546,1
CDnet2014,turbulence0,126,2558,1
CDnet2014,turbulence0,127,2563,1
CDnet2014,turbulence0,128,2567,1
CDnet2014,turbulence0,129,2574,2
CDnet2014,turbulence0,130,2588,1
CDnet2014,turbulence0,131,2602,1
CDnet2014,turbulence0,132,2693,1
CDnet2014,turbulence0,133,2700,1
CDnet2014,turbulence0,134,2712,1
CDnet2014,turbulence0,135,2721,1
CDnet2014,turbulence0,136,2808,1
CDnet2014,turbulence0,137,2857,1
CDnet2014,turbulence0,138,2901,1
CDnet2014,turbulence0,139,2927,1
CDnet2014,turbulence0,140,2950,1
CDnet2014,turbulence0,141,2958,1
CDnet2014,turbulence0,142,2967,1
CDnet2014,turbulence0,143,2969,1
CDnet2014,turbulence0,144,2975,1
CDnet2014,turbulence0,145,2983,2
CDnet2014,turbulence0,146,3089,1
CDnet2014,turbulence0,147,3219,1
CDnet2014,turbulence0,148,3228,1
CDnet2014,turbulence0,149,3270,1
CDnet2014,turbulence0,150,3357,1
CDnet2014,turbulence0,151,3360,1
CDnet2014,turbulence0,152,3388,1
CDnet2014,turbulence0,153,3419,1
CDnet2014,turbulence0,154,3426,1
CDnet2014,turbulence0,155,3450,1
CDnet2014,turbulence0,156,3480,1
CDnet2014,turbulence0,157,3536,1
CDnet2014,turbulence0,158,3624,1
CDnet2014,turbulence0,159,3643,1
CDnet2014,turbulence0,160,3650,2
CDnet2014,turbulence0,161,3653,1
CDnet2014,turbulence0,162,3658,1
CDnet2014,turbulence0,163,3664,2
CDnet2014,turbulence0,164,3670,1
CDnet2014,turbulence0,165,3675,2
CDnet2014,turbulence0,166,3681,3
CDnet2014,turbulence0,167,3687,2
CDnet2014,turbulence0,168,3701,1
CDnet2014,turbulence0,169,3703,1
CDnet2014,turbulence0,170,3712,1
CDnet2014,turbulence0,171,3716,3
CDnet2014,turbulence0,172,3720,2
CDnet2014,turbulence0,173,3727,2
CDnet2014,turbulence0,174,3738,1
CDnet2014,turbulence0,175,3741,1
CDnet2014,turbulence0,176,3748,1
CDnet2014,turbulence0,177,3750,1
CDnet2014,turbulence0,178,3752,2
CDnet2014,turbulence0,179,3755,1
CDnet2014,turbulence0,180,3757,1
CDnet2014,turbulence0,181,3760,1
CDnet2014,turbulence0,182,3763,4
CDnet2014,turbulence0,183,3768,1
CDnet2014,turbulence0,184,3776,1
CDnet2014,turbulence0,185,3779,2
CDnet2014,turbulence0,186,3784,1
CDnet2014,turbulence0,187,3788,1
CDnet2014,turbulence0,188,3791,2
CDnet2014,turbulence0,189,3794,1
CDnet2014,turbulence0,190,3803,1
CDnet2014,turbulence0,191,3805,1
CDnet2014,turbulence0,192,3813,1
CDnet2014,turbulence0,193,3816,1
CDnet2014,turbulence0,194,3826,2
CDnet2014,turbulence0,195,3830,1
CDnet2014,turbulence0,196,3833,1
CDnet2014,turbulence0,197,3844,1
CDnet2014,turbulence0,198,3942,1
CDnet2014,turbulence0,199,4211,1
CDnet2014,turbulence0,200,4689,1
CDnet2014,turbulence0,201,4692,1
CDnet2014,turbulence0,202,4695,1
CDnet2014,turbulence0,203,4697,1
CDnet2014,turbulence0,204,4699,10
CDnet2014,turbulence0,205,4718,1
CDnet2014,turbulence0,206,4720,2
CDnet2014,turbulence0,207,4725,1
CDnet2014,turbulence0,208,4727,5
CDnet2014,turbulence0,209,4733,1
CDnet2014,turbulence0,210,4738,1
CDnet2014,turbulence0,211,4742,3
CDnet2014,turbulence0,212,4746,3
CDnet2014,turbulence0,213,4750,1
CDnet2014,turbulence0,214,4753,1
CDnet2014,turbulence0,215,4755,2
CDnet2014,turbulence0,216,4758,2
CDnet2014,turbulence0,217,4761,1
CDnet2014,turbulence0,218,4763,4
CDnet2014,turbulence0,219,4768,1
CDnet2014,turbulence0,220,4770,53
CDnet2014,turbulence0,221,4824,13
CDnet2014,turbulence0,222,4840,4
CDnet2014,turbulence0,223,4847,2
CDnet2014,turbulence0,224,4850,2
CDnet2014,turbulence0,225,4854,2
CDnet2014,turbulence0,226,4859,1
CDnet2014,turbulence0,227,4861,1
CDnet2014,turbulence0,228,4863,1
CDnet2014,turbulence0,229,4866,11
CDnet2014,turbulence0,230,4878,1
CDnet2014,turbulence0,231,4882,1
CDnet2014,turbulence0,232,4884,2
CDnet2014,turbulence0,233,4887,1
CDnet2014,turbulence0,234,4893,2
CDnet2014,turbulence0,235,4896,1
CDnet2014,turbulence0,236,4898,2
CDnet2014,turbulence0,237,4901,4
CDnet2014,turbulence0,238,4907,1
CDnet2014,turbulence0,239,4909,1
CDnet2014,turbulence0,240,4916,1
CDnet2014,turbulence1,0,1234,1
CDnet2014,turbulence1,1,1239,1
CDnet2014,turbulence1,2,1305,1
CDnet2014,turbulence1,3,1328,2
CDnet2014,turbulence1,4,1350,1
CDnet2014,turbulence1,5,1543,1
CDnet2014,turbulence1,6,1600,4
CDnet2014,turbulence1,7,1605,1
CDnet2014,turbulence1,8,1608,1
CDnet2014,turbulence1,9,1612,1
CDnet2014,turbulence1,10,1618,1
CDnet2014,turbulence1,11,1621,1
CDnet2014,turbulence1,12,1627,1
CDnet2014,turbulence1,13,1631,1
CDnet2014,turbulence1,14,1659,2
CDnet2014,turbulence1,15,1664,1
CDnet2014,turbulence1,16,1666,1
CDnet2014,turbulence1,17,1669,1
CDnet2014,turbulence1,18,1671,2
CDnet2014,turbulence1,19,1677,1
CDnet2014,turbulence1,20,1688,2
CDnet2014,turbulence1,21,1697,3
CDnet2014,turbulence1,22,1703,1
CDnet2014,turbulence1,23,1711,1
CDnet2014,turbulence1,24,1721,1
CDnet2014,turbulence1,25,1733,2
CDnet2014,turbulence1,26,1739,1
CDnet2014,turbulence1,27,1743,1
CDnet2014,turbulence1,28,1745,2
CDnet2014,turbulence1,29,1749,4
CDnet2014,turbulence1,30,1760,1
CDnet2014,turbulence1,31,1762,1
CDnet2014,turbulence1,32,1765,1
CDnet2014,turbulence1,33,1769,1
CDnet2014,turbulence1,34,1773,3
CDnet2014,turbulence1,35,1781,1
CDnet2014,turbulence1,36,1787,3
CDnet2014,turbulence1,37,1793,1
CDnet2014,turbulence1,38,1795,1
CDnet2014,turbulence1,39,1807,1
CDnet2014,turbulence1,40,1829,1
CDnet2014,turbulence1,41,1838,1
CDnet2014,turbulence1,42,1845,1
CDnet2014,turbulence1,43,1862,1
CDnet2014,turbulence1,44,1865,1
CDnet2014,turbulence1,45,1874,1
CDnet2014,turbulence1,46,1915,1
CDnet2014,turbulence1,47,1934,1
CDnet2014,turbulence1,48,1937,1
CDnet2014,turbulence1,49,1979,1
CDnet2014,turbulence1,50,2036,1
CDnet2014,turbulence1,51,2142,1
CDnet2014,turbulence1,52,2148,1
CDnet2014,turbulence1,53,2153,1
CDnet2014,turbulence1,54,2159,2
CDnet2014,turbulence1,55,2163,2
CDnet2014,turbulence1,56,2167,1
CDnet2014,turbulence1,57,2170,1
CDnet2014,turbulence1,58,2172,1
CDnet2014,turbulence1,59,2179,1
CDnet2014,turbulence1,60,2182,1
CDnet2014,turbulence1,61,2228,1
CDnet2014,turbulence1,62,2238,1
CDnet2014,turbulence1,63,2246,2
CDnet2014,turbulence1,64,2255,1
CDnet2014,turbulence1,65,2260,1
CDnet2014,turbulence1,66,2269,1
CDnet2014,turbulence1,67,2283,1
CDnet2014,turbulence1,68,2287,1
CDnet2014,turbulence1,69,2289,1
CDnet2014,turbulence1,70,2292,1
CDnet2014,turbulence1,71,2294,1
CDnet2014,turbulence1,72,2314,1
CDnet2014,turbulence1,73,2337,1
CDnet2014,turbulence1,74,2340,2
CDnet2014,turbulence1,75,2345,1
CDnet2014,turbulence1,76,2353,1
CDnet2014,turbulence1,77,2356,2
CDnet2014,turbulence1,78,2360,4
CDnet2014,turbulence1,79,2367,1
CDnet2014,turbulence1,80,2369,1
CDnet2014,turbulence1,81,2374,2
CDnet2014,turbulence1,82,2378,3
CDnet2014,turbulence1,83,2384,1
CDnet2014,turbulence1,84,2386,1
CDnet2014,turbulence1,85,2394,1
CDnet2014,turbulence1,86,2397,1
CDnet2014,turbulence1,87,2401,1
CDnet2014,turbulence1,88,2417,1
CDnet2014,turbulence1,89,2422,1
CDnet2014,turbulence1,90,2426,1
CDnet2014,turbulence1,91,2430,2
CDnet2014,turbulence1,92,2440,2
CDnet2014,turbulence1,93,2444,1
CDnet2014,turbulence1,94,2448,1
CDnet2014,turbulence1,95,2452,2
CDnet2014,turbulence1,96,2573,1
CDnet2014,turbulence1,97,2865,1
CDnet2014,turbulence1,98,2869,1
CDnet2014,turbulence1,99,3040,1
CDnet2014,turbulence1,100,3066,1
CDnet2014,turbulence1,101,3116,1
CDnet2014,turbulence1,102,3136,1
CDnet2014,turbulence1,103,3234,1
CDnet2014,turbulence1,104,3697,1
CDnet2014,turbulence1,105,3808,1
CDnet2014,turbulence1,106,3880,2
CDnet2014,turbulence2,0,895,1
CDnet2014,turbulence2,1,920,2
CDnet2014,turbulence2,2,993,1
CDnet2014,turbulence2,3,1038,1
CDnet2014,turbulence2,4,1112,1
CDnet2014,turbulence2,5,1167,1
CDnet2014,turbulence2,6,1170,1
CDnet2014,turbulence2,7,1189,1
CDnet2014,turbulence2,8,1252,1
CDnet2014,turbulence2,9,1324,1
CDnet2014,turbulence2,10,1392,1
CDnet2014,turbulence2,11,1427,1
CDnet2014,turbulence2,12,1454,2
CDnet2014,turbulence2,13,1693,1
CDnet2014,turbulence2,14,2066,1
CDnet2014,turbulence2,15,2118,1
CDnet2014,turbulence2,16,2600,1
CDnet2014,turbulence2,17,2625,1
CDnet2014,turbulence2,18,3089,1
CDnet2014,turbulence2,19,3183,1
CDnet2014,turbulence2,20,3226,1
CDnet2014,turbulence2,21,3417,1
CDnet2014,turbulence2,22,3624,1
CDnet2014,turbulence2,23,3653,1
CDnet2014,turbulence2,24,3673,1
CDnet2014,turbulence2,25,3675,7
CDnet2014,turbulence2,26,3741,1
CDnet2014,turbulence2,27,3804,1
CDnet2014,turbulence2,28,4330,1
CDnet2014,turbulence2,29,4404,1
CDnet2014,turbulence2,30,4413,1
CDnet2014,turbulence2,31,4476,2
CDnet2014,turbulence3,0,919,1
CDnet2014,turbulence3,1,925,1
CDnet2014,turbulence3,2,928,1
CDnet2014,turbulence3,3,930,1
CDnet2014,turbulence3,4,933,5
CDnet2014,turbulence3,5,948,2
CDnet2014,turbulence3,6,970,1
CDnet2014,turbulence3,7,973,2
CDnet2014,turbulence3,8,992,2
CDnet2014,turbulence3,9,996,2
CDnet2014,turbulence3,10,1004,1
CDnet2014,turbulence3,11,1107,1
CDnet2014,turbulence3,12,1132,1
CDnet2014,turbulence3,13,1135,2
CDnet2014,turbulence3,14,1140,1
CDnet2014,turbulence3,15,1142,3
CDnet2014,turbulence3,16,1146,1
CDnet2014,turbulence3,17,1148,2
CDnet2014,turbulence3,18,1151,1
CDnet2014,turbulence3,19,1153,1
CDnet2014,turbulence3,20,1155,7
CDnet2014,turbulence3,21,1163,5
CDnet2014,turbulence3,22,1169,2
CDnet2014,turbulence3,23,1172,2
CDnet2014,turbulence3,24,1175,2
CDnet2014,turbulence3,25,1199,2
CDnet2014,turbulence3,26,1249,1
CDnet2014,turbulence3,27,1255,1
CDnet2014,turbulence3,28,1257,1
CDnet2014,turbulence3,29,1259,2
CDnet2014,turbulence3,30,1262,1
CDnet2014,turbulence3,31,1266,1
CDnet2014,turbulence3,32,1286,1
CDnet2014,turbulence3,33,1289,1
CDnet2014,turbulence3,34,1291,2
CDnet2014,turbulence3,35,1331,1
CDnet2014,turbulence3,36,1339,1
CDnet2014,turbulence3,37,1342,36
CDnet2014,turbulence3,38,1379,4
CDnet2014,turbulence3,39,1386,1
CDnet2014,turbulence3,40,1389,1
CDnet2014,turbulence3,41,1470,1
CDnet2014,turbulence3,42,1548,1
CDnet2014,turbulence3,43,1571,1
CDnet2014,turbulence3,44,1592,2
CDnet2014,turbulence3,45,1609,1
CDnet2014,turbulence3,46,1625,1
CDnet2014,turbulence3,47,1627,1
CDnet2014,turbulence3,48,1843,1
CDnet2014,turbulence3,49,1964,1
CDnet2014,turbulence3,50,1971,1
CDnet2014,turbulence3,51,1982,1
CDnet2014,turbulence3,52,1987,1
CDnet2014,turbulence3,53,1996,2
CDnet2014,turbulence3,54,2067,1
CDnet2014,turbulence3,55,2076,1
CDnet2014,turbulence3,56,2129,4
CDnet2014,turbulence3,57,2136,4
CDnet2014,turbulence3,58,2141,3
CDnet2014,turbulence3,59,2145,2
CDnet2014,turbulence3,60,2149,3
CDnet2014,turbulence3,61,2153,4
CDnet2014,turbulence3,62,2160,1
CDnet2014,turbulence3,63,2169,1
CDnet2014,turbulence3,64,2196,1
CDnet2014,turbulence3,65,2198,2
CDnet2014,turnpike_0_5fps,0,800,420
CDnet2014,turnpike_0_5fps,1,1221,23
CDnet2014,turnpike_0_5fps,2,1245,3
CDnet2014,turnpike_0_5fps,3,1249,17
CDnet2014,turnpike_0_5fps,4,1267,3
CDnet2014,turnpike_0_5fps,5,1271,7
CDnet2014,turnpike_0_5fps,6,1280,2
CDnet2014,turnpike_0_5fps,7,1283,4
CDnet2014,turnpike_0_5fps,8,1288,21
CDnet2014,turnpike_0_5fps,9,1310,4
CDnet2014,turnpike_0_5fps,10,1315,7
CDnet2014,turnpike_0_5fps,11,1323,32
CDnet2014,turnpike_0_5fps,12,1356,12
CDnet2014,turnpike_0_5fps,13,1369,1
CDnet2014,turnpike_0_5fps,14,1371,18
CDnet2014,turnpike_0_5fps,15,1390,4
CDnet2014,turnpike_0_5fps,16,1395,25
CDnet2014,turnpike_0_5fps,17,1425,1
CDnet2014,turnpike_0_5fps,18,1427,2
CDnet2014,turnpike_0_5fps,19,1430,21
CDnet2014,turnpike_0_5fps,20,1453,28
CDnet2014,turnpike_0_5fps,21,1482,7
CDnet2014,turnpike_0_5fps,22,1490,2
CDnet2014,turnpike_0_5fps,23,1493,7
CDnet2014,twoPositionPTZCam,0,800,253
CDnet2014,twoPositionPTZCam,1,1059,27
CDnet2014,twoPositionPTZCam,2,1088,3
CDnet2014,twoPositionPTZCam,3,1092,3
CDnet2014,twoPositionPTZCam,4,1107,5
CDnet2014,twoPositionPTZCam,5,1115,4
CDnet2014,twoPositionPTZCam,6,1120,89
CDnet2014,twoPositionPTZCam,7,1212,11
CDnet2014,twoPositionPTZCam,8,1224,1
CDnet2014,twoPositionPTZCam,9,1226,3
CDnet2014,twoPositionPTZCam,10,1230,5
CDnet2014,twoPositionPTZCam,11,1236,3
CDnet2014,twoPositionPTZCam,12,1249,18
CDnet2014,twoPositionPTZCam,13,1268,1
CDnet2014,twoPositionPTZCam,14,1277,34
CDnet2014,twoPositionPTZCam,15,1340,10
CDnet2014,twoPositionPTZCam,16,1351,6
CDnet2014,twoPositionPTZCam,17,1359,26
CDnet2014,twoPositionPTZCam,18,1400,209
CDnet2014,twoPositionPTZCam,19,1612,1
CDnet2014,twoPositionPTZCam,20,1615,1
CDnet2014,twoPositionPTZCam,21,1617,5
CDnet2014,twoPositionPTZCam,22,1624,8
CDnet2014,twoPositionPTZCam,23,1644,1
CDnet2014,twoPositionPTZCam,24,1647,1
CDnet2014,twoPositionPTZCam,25,1650,1
CDnet2014,twoPositionPTZCam,26,1652,9
CDnet2014,twoPositionPTZCam,27,1666,1
CDnet2014,twoPositionPTZCam,28,1670,4
CDnet2014,twoPositionPTZCam,29,1706,32
CDnet2014,twoPositionPTZCam,30,1787,1
CDnet2014,twoPositionPTZCam,31,1808,5
CDnet2014,twoPositionPTZCam,32,1815,4
CDnet2014,twoPositionPTZCam,33,1820,1
CDnet2014,twoPositionPTZCam,34,1822,2
CDnet2014,twoPositionPTZCam,35,1831,5
CDnet2014,twoPositionPTZCam,36,1837,81
CDnet2014,twoPositionPTZCam,37,1949,241
CDnet2014,twoPositionPTZCam,38,2202,1
CDnet2014,twoPositionPTZCam,39,2204,57
CDnet2014,twoPositionPTZCam,40,2262,30
CDnet2014,twoPositionPTZCam,41,2294,6
CDnet2014,wetSnow,0,500,378
CDnet2014,wetSnow,1,879,51
CDnet2014,wetSnow,2,931,28
CDnet2014,wetSnow,3,961,4
CDnet2014,wetSnow,4,967,14
CDnet2014,wetSnow,5,982,1
CDnet2014,wetSnow,6,984,3
CDnet2014,wetSnow,7,988,9
CDnet2014,wetSnow,8,1000,11
CDnet2014,wetSnow,9,1012,242
CDnet2014,wetSnow,10,1255,3
CDnet2014,wetSnow,11,1259,3
CDnet2014,wetSnow,12,1264,4
CDnet2014,wetSnow,13,1271,44
CDnet2014,wetSnow,14,1316,23
CDnet2014,wetSnow,15,1341,1
CDnet2014,wetSnow,16,1344,7
CDnet2014,wetSnow,17,1352,7
CDnet2014,wetSnow,18,1360,21
CDnet2014,wetSnow,19,1382,9
CDnet2014,wetSnow,20,1397,1
CDnet2014,wetSnow,21,1399,1
CDnet2014,wetSnow,22,1404,1
CDnet2014,wetSnow,23,1407,1
CDnet2014,wetSnow,24,1412,1
CDnet2014,wetSnow,25,1414,38
CDnet2014,wetSnow,26,1454,2
CDnet2014,wetSnow,27,1457,1
CDnet2014,wetSnow,28,1459,54
CDnet2014,wetSnow,29,1514,4
CDnet2014,wetSnow,30,1520,44
CDnet2014,wetSnow,31,1565,2
CDnet2014,wetSnow,32,1568,1
CDnet2014,wetSnow,33,1573,2
CDnet2014,wetSnow,34,1576,1
CDnet2014,wetSnow,35,1579,30
CDnet2014,wetSnow,36,1610,2
CDnet2014,wetSnow,37,1614,1
CDnet2014,wetSnow,38,1616,11
CDnet2014,wetSnow,39,1628,5
CDnet2014,wetSnow,40,1635,127
CDnet2014,wetSnow,41,1764,87
CDnet2014,wetSnow,42,1852,158
CDnet2014,wetSnow,43,2011,4
CDnet2014,wetSnow,44,2017,12
CDnet2014,wetSnow,45,2031,35
CDnet2014,wetSnow,46,2069,1
CDnet2014,wetSnow,47,2071,1
CDnet2014,wetSnow,48,2074,1
CDnet2014,wetSnow,49,2076,40
CDnet2014,wetSnow,50,2117,632
CDnet2014,wetSnow,51,2750,190
CDnet2014,wetSnow,52,2941,143
CDnet2014,wetSnow,53,3090,6
CDnet2014,wetSnow,54,3097,4
CDnet2014,wetSnow,55,3102,26
CDnet2014,wetSnow,56,3129,274
CDnet2014,wetSnow,57,3404,4
CDnet2014,wetSnow,58,3409,91
CDnet2014,winterDriveway,0,1000,1500
CDnet2014,winterStreet,0,900,181
CDnet2014,winterStreet,1,1082,39
CDnet2014,winterStreet,2,1122,1
CDnet2014,winterStreet,3,1124,19
CDnet2014,winterStreet,4,1145,3
CDnet2014,winterStreet,5,1194,2
CDnet2014,winterStreet,6,1198,1
CDnet2014,winterStreet,7,1207,1
CDnet2014,winterStreet,8,1213,1
CDnet2014,winterStreet,9,1219,2
CDnet2014,winterStreet,10,1223,46
CDnet2014,winterStreet,11,1270,1
CDnet2014,winterStreet,12,1272,1
CDnet2014,winterStreet,13,1274,15
CDnet2014,winterStreet,14,1291,186
CDnet2014,winterStreet,15,1478,4
CDnet2014,winterStreet,16,1484,3
CDnet2014,winterStreet,17,1493,1
CDnet2014,winterStreet,18,1505,1
CDnet2014,winterStreet,19,1507,1
CDnet2014,winterStreet,20,1510,3
CDnet2014,winterStreet,21,1514,1
CDnet2014,winterStreet,22,1517,4
CDnet2014,winterStreet,23,1522,2
CDnet2014,winterStreet,24,1526,3
CDnet2014,winterStreet,25,1530,223
CDnet2014,winterStreet,26,1755,30
CDnet2014,zoomInZoomOut,0,500,127
CDnet2014,zoomInZoomOut,1,628,2
CDnet2014,zoomInZoomOut,2,631,2
CDnet2014,zoomInZoomOut,3,634,18
CDnet2014,zoomInZoomOut,4,659,11
CDnet2014,zoomInZoomOut,5,671,1
CDnet2014,zoomInZoomOut,6,673,1
CDnet2014,zoomInZoomOut,7,675,331
CDnet2014,zoomInZoomOut,8,1012,2
CDnet2014,zoomInZoomOut,9,1015,5
CDnet2014,zoomInZoomOut,10,1022,15
CDnet2014,zoomInZoomOut,11,1038,2
CDnet2014,zoomInZoomOut,12,1041,2
CDnet2014,zoomInZoomOut,13,1045,6
CDnet2014,zoomInZoomOut,14,1052,1
CDnet2014,zoomInZoomOut,15,1054,4
CDnet2014,zoomInZoomOut,16,1060,1
CDnet2014,zoomInZoomOut,17,1062,2
CDnet2014,zoomInZoomOut,18,1066,1
CDnet2014,zoomInZoomOut,19,1068,1
CDnet2014,zoomInZoomOut,20,1074,1
LASIESTA,I_BS_01,0,0,84
LASIESTA,I_BS_01,1,89,1
LASIESTA,I_BS_01,2,100,1
LASIESTA,I_BS_01,3,111,2
LASIESTA,I_BS_01,4,123,1
LASIESTA,I_BS_01,5,134,1
LASIESTA,I_BS_01,6,145,1
LASIESTA,I_BS_01,7,156,1
LASIESTA,I_BS_01,8,167,1
LASIESTA,I_BS_01,9,178,1
LASIESTA,I_BS_01,10,189,1
LASIESTA,I_BS_01,11,196,79
LASIESTA,I_BS_02,0,0,68
LASIESTA,I_BS_02,1,69,1
LASIESTA,I_BS_02,2,78,1
LASIESTA,I_BS_02,3,89,1
LASIESTA,I_BS_02,4,100,1
LASIESTA,I_BS_02,5,111,2
LASIESTA,I_BS_02,6,123,1
LASIESTA,I_BS_02,7,134,1
LASIESTA,I_BS_02,8,145,1
LASIESTA,I_BS_02,9,156,1
LASIESTA,I_BS_02,10,167,1
LASIESTA,I_BS_02,11,178,1
LASIESTA,I_BS_02,12,189,1
LASIESTA,I_BS_02,13,196,70
LASIESTA,I_BS_02,14,267,8
LASIESTA,I_CA_01,0,0,350
LASIESTA,I_CA_02,0,0,525
LASIESTA,I_IL_01,0,2,10
LASIESTA,I_IL_01,1,13,10
LASIESTA,I_IL_01,2,24,10
LASIESTA,I_IL_01,3,35,10
LASIESTA,I_IL_01,4,46,10
LASIESTA,I_IL_01,5,57,10
LASIESTA,I_IL_01,6,68,10
LASIESTA,I_IL_01,7,79,10
LASIESTA,I_IL_01,8,90,10
LASIESTA,I_IL_01,9,101,4
LASIESTA,I_IL_01,10,117,1
LASIESTA,I_IL_01,11,126,5
LASIESTA,I_IL_01,12,133,1
LASIESTA,I_IL_01,13,135,1
LASIESTA,I_IL_01,14,138,2
LASIESTA,I_IL_01,15,141,1
LASIESTA,I_IL_01,16,149,2
LASIESTA,I_IL_01,17,152,1
LASIESTA,I_IL_01,18,154,2
LASIESTA,I_IL_01,19,158,1
LASIESTA,I_IL_01,20,168,1
LASIESTA,I_IL_01,21,171,1
LASIESTA,I_IL_01,22,182,1
LASIESTA,I_IL_01,23,185,1
LASIESTA,I_IL_01,24,188,1
LASIESTA,I_IL_01,25,190,3
LASIESTA,I_IL_01,26,194,4
LASIESTA,I_IL_01,27,199,1
LASIESTA,I_IL_01,28,201,1
LASIESTA,I_IL_01,29,205,2
LASIESTA,I_IL_01,30,215,1
LASIESTA,I_IL_01,31,219,3
LASIESTA,I_IL_01,32,224,1
LASIESTA,I_IL_01,33,299,1
LASIESTA,I_IL_02,0,0,525
LASIESTA,I_MB_01,0,0,450
LASIESTA,I_MB_02,0,0,227
LASIESTA,I_MB_02,1,234,1
LASIESTA,I_MB_02,2,245,1
LASIESTA,I_MB_02,3,256,1
LASIESTA,I_MB_02,4,267,1
LASIESTA,I_MB_02,5,278,1
LASIESTA,I_MB_02,6,280,70
LASIESTA,I_MC_01,0,13,1
LASIESTA,I_MC_01,1,15,1
LASIESTA,I_MC_01,2,49,7
LASIESTA,I_MC_01,3,57,10
LASIESTA,I_MC_01,4,68,10
LASIESTA,I_MC_01,5,79,10
LASIESTA,I_MC_01,6,90,10
LASIESTA,I_MC_01,7,101,10
LASIESTA,I_MC_01,8,113,10
LASIESTA,I_MC_01,9,124,10
LASIESTA,I_MC_01,10,135,10
LASIESTA,I_MC_01,11,146,10
LASIESTA,I_MC_01,12,157,10
LASIESTA,I_MC_01,13,168,10
LASIESTA,I_MC_01,14,179,7
LASIESTA,I_MC_01,15,204,1
LASIESTA,I_MC_01,16,222,1
LASIESTA,I_MC_02,0,0,250
LASIESTA,I_OC_01,0,2,10
LASIESTA,I_OC_01,1,13,10
LASIESTA,I_OC_01,2,24,10
LASIESTA,I_OC_01,3,35,10
LASIESTA,I_OC_01,4,46,10
LASIESTA,I_OC_01,5,57,10
LASIESTA,I_OC_01,6,68,7
LASIESTA,I_OC_01,7,104,7
LASIESTA,I_OC_01,8,113,10
LASIESTA,I_OC_01,9,124,10
LASIESTA,I_OC_01,10,135,9
LASIESTA,I_OC_01,11,146,1
LASIESTA,I_OC_01,12,244,6
LASIESTA,I_OC_02,0,2,10
LASIESTA,I_OC_02,1,13,10
LASIESTA,I_OC_02,2,24,10
LASIESTA,I_OC_02,3,35,7
LASIESTA,I_OC_02,4,69,9
LASIESTA,I_OC_02,5,79,10
LASIESTA,I_OC_02,6,90,10
LASIESTA,I_OC_02,7,101,10
LASIESTA,I_OC_02,8,113,10
LASIESTA,I_OC_02,9,124,10
LASIESTA,I_OC_02,10,135,10
LASIESTA,I_OC_02,11,146,10
LASIESTA,I_OC_02,12,157,10
LASIESTA,I_OC_02,13,237,2
LASIESTA,I_OC_02,14,240,10
LASIESTA,I_SI_01,0,0,59
LASIESTA,I_SI_01,1,61,159
LASIESTA,I_SI_01,2,221,79
LASIESTA,I_SI_02,0,2,10
LASIESTA,I_SI_02,1,13,10
LASIESTA,I_SI_02,2,24,10
LASIESTA,I_SI_02,3,35,10
LASIESTA,I_SI_02,4,46,10
LASIESTA,I_SI_02,5,57,10
LASIESTA,I_SI_02,6,68,10
LASIESTA,I_SI_02,7,79,10
LASIESTA,I_SI_02,8,90,10
LASIESTA,I_SI_02,9,101,10
LASIESTA,I_SI_02,10,113,10
LASIESTA,I_SI_02,11,124,10
LASIESTA,I_SI_02,12,135,10
LASIESTA,I_SI_02,13,146,10
LASIESTA,I_SI_02,14,157,10
LASIESTA,I_SI_02,15,168,10
LASIESTA,I_SI_02,16,179,10
LASIESTA,I_SI_02,17,190,9
LASIESTA,I_SI_02,18,280,9
LASIESTA,I_SI_02,19,290,10
LASIESTA,I_SM_01,0,2,10
LASIESTA,I_SM_01,1,13,10
LASIESTA,I_SM_01,2,50,6
LASIESTA,I_SM_01,3,57,10
LASIESTA,I_SM_01,4,68,10
LASIESTA,I_SM_01,5,79,10
LASIESTA,I_SM_01,6,90,10
LASIESTA,I_SM_01,7,101,8
LASIESTA,I_SM_01,8,114,1
LASIESTA,I_SM_01,9,161,6
LASIESTA,I_SM_01,10,168,10
LASIESTA,I_SM_01,11,179,10
LASIESTA,I_SM_01,12,190,10
LASIESTA,I_SM_01,13,201,10
LASIESTA,I_SM_01,14,212,10
LASIESTA,I_SM_01,15,224,1
LASIESTA,I_SM_01,16,249,7
LASIESTA,I_SM_01,17,257,10
LASIESTA,I_SM_01,18,268,10
LASIESTA,I_SM_01,19,279,10
LASIESTA,I_SM_01,20,290,10
LASIESTA,I_SM_02,0,2,10
LASIESTA,I_SM_02,1,13,10
LASIESTA,I_SM_02,2,24,8
LASIESTA,I_SM_02,3,42,1
LASIESTA,I_SM_02,4,54,2
LASIESTA,I_SM_02,5,57,10
LASIESTA,I_SM_02,6,68,10
LASIESTA,I_SM_02,7,79,10
LASIESTA,I_SM_02,8,90,10
LASIESTA,I_SM_02,9,101,10
LASIESTA,I_SM_02,10,113,10
LASIESTA,I_SM_02,11,124,10
LASIESTA,I_SM_02,12,135,10
LASIESTA,I_SM_02,13,146,10
LASIESTA,I_SM_02,14,157,10
LASIESTA,I_SM_02,15,168,10
LASIESTA,I_SM_02,16,179,10
LASIESTA,I_SM_02,17,190,10
LASIESTA,I_SM_02,18,201,10
LASIESTA,I_SM_02,19,212,10
LASIESTA,I_SM_02,20,224,1
LASIESTA,I_SM_02,21,249,7
LASIESTA,I_SM_02,22,257,10
LASIESTA,I_SM_02,23,268,10
LASIESTA,I_SM_02,24,279,10
LASIESTA,I_SM_02,25,290,10
LASIESTA,I_SM_03,0,2,10
LASIESTA,I_SM_03,1,13,10
LASIESTA,I_SM_03,2,24,10
LASIESTA,I_SM_03,3,35,4
LASIESTA,I_SM_03,4,53,1
LASIESTA,I_SM_03,5,58,9
LASIESTA,I_SM_03,6,68,10
LASIESTA,I_SM_03,7,79,10
LASIESTA,I_SM_03,8,90,10
LASIESTA,I_SM_03,9,101,10
LASIESTA,I_SM_03,10,113,10
LASIESTA,I_SM_03,11,124,10
LASIESTA,I_SM_03,12,135,10
LASIESTA,I_SM_03,13,146,10
LASIESTA,I_SM_03,14,157,10
LASIESTA,I_SM_03,15,168,10
LASIESTA,I_SM_03,16,179,10
LASIESTA,I_SM_03,17,190,10
LASIESTA,I_SM_03,18,201,10
LASIESTA,I_SM_03,19,212,10
LASIESTA,I_SM_03,20,224,1
LASIESTA,I_SM_03,21,249,7
LASIESTA,I_SM_03,22,257,10
LASIESTA,I_SM_03,23,268,10
LASIESTA,I_SM_03,24,279,10
LASIESTA,I_SM_03,25,290,10
LASIESTA,I_SM_04,0,0,1
LASIESTA,I_SM_04,1,2,33
LASIESTA,I_SM_04,2,36,1
LASIESTA,I_SM_04,3,39,2
LASIESTA,I_SM_04,4,42,2
LASIESTA,I_SM_04,5,45,1
LASIESTA,I_SM_04,6,47,8
LASIESTA,I_SM_04,7,56,2
LASIESTA,I_SM_04,8,59,69
LASIESTA,I_SM_04,9,129,1
LASIESTA,I_SM_04,10,132,4
LASIESTA,I_SM_04,11,137,4
LASIESTA,I_SM_04,12,142,3
LASIESTA,I_SM_04,13,147,73
LASIESTA,I_SM_04,14,221,9
LASIESTA,I_SM_04,15,231,2
LASIESTA,I_SM_04,16,234,28
LASIESTA,I_SM_04,17,263,37
LASIESTA,I_SM_05,0,0,1
LASIESTA,I_SM_05,1,2,31
LASIESTA,I_SM_05,2,34,1
LASIESTA,I_SM_05,3,36,1
LASIESTA,I_SM_05,4,40,2
LASIESTA,I_SM_05,5,47,1
LASIESTA,I_SM_05,6,50,1
LASIESTA,I_SM_05,7,52,1
LASIESTA,I_SM_05,8,54,2
LASIESTA,I_SM_05,9,59,19
LASIESTA,I_SM_05,10,79,39
LASIESTA,I_SM_05,11,120,4
LASIESTA,I_SM_05,12,125,2
LASIESTA,I_SM_05,13,129,1
LASIESTA,I_SM_05,14,131,2
LASIESTA,I_SM_05,15,134,2
LASIESTA,I_SM_05,16,137,2
LASIESTA,I_SM_05,17,140,3
LASIESTA,I_SM_05,18,144,2
LASIESTA,I_SM_05,19,149,2
LASIESTA,I_SM_05,20,153,2
LASIESTA,I_SM_05,21,156,1
LASIESTA,I_SM_05,22,158,1
LASIESTA,I_SM_05,23,161,17
LASIESTA,I_SM_05,24,179,10
LASIESTA,I_SM_05,25,190,10
LASIESTA,I_SM_05,26,201,20
LASIESTA,I_SM_05,27,222,7
LASIESTA,I_SM_05,28,230,2
LASIESTA,I_SM_05,29,233,2
LASIESTA,I_SM_05,30,236,1
LASIESTA,I_SM_05,31,240,7
LASIESTA,I_SM_05,32,248,1
LASIESTA,I_SM_05,33,251,3
LASIESTA,I_SM_05,34,256,12
LASIESTA,I_SM_05,35,270,8
LASIESTA,I_SM_05,36,279,10
LASIESTA,I_SM_05,37,290,10
LASIESTA,I_SM_06,0,2,10
LASIESTA,I_SM_06,1,13,10
LASIESTA,I_SM_06,2,24,9
LASIESTA,I_SM_06,3,39,1
LASIESTA,I_SM_06,4,41,1
LASIESTA,I_SM_06,5,48,1
LASIESTA,I_SM_06,6,50,7
LASIESTA,I_SM_06,7,59,30
LASIESTA,I_SM_06,8,90,21
LASIESTA,I_SM_06,9,112,6
LASIESTA,I_SM_06,10,119,1
LASIESTA,I_SM_06,11,121,3
LASIESTA,I_SM_06,12,125,1
LASIESTA,I_SM_06,13,128,1
LASIESTA,I_SM_06,14,134,3
LASIESTA,I_SM_06,15,138,1
LASIESTA,I_SM_06,16,144,1
LASIESTA,I_SM_06,17,150,3
LASIESTA,I_SM_06,18,154,2
LASIESTA,I_SM_06,19,161,2
LASIESTA,I_SM_06,20,164,14
LASIESTA,I_SM_06,21,179,41
LASIESTA,I_SM_06,22,221,1
LASIESTA,I_SM_06,23,224,1
LASIESTA,I_SM_06,24,230,5
LASIESTA,I_SM_06,25,236,1
LASIESTA,I_SM_06,26,240,1
LASIESTA,I_SM_06,27,242,5
LASIESTA,I_SM_06,28,248,1
LASIESTA,I_SM_06,29,250,1
LASIESTA,I_SM_06,30,257,1
LASIESTA,I_SM_06,31,260,4
LASIESTA,I_SM_06,32,266,23
LASIESTA,I_SM_06,33,290,10
LASIESTA,I_SM_07,0,1,22
LASIESTA,I_SM_07,1,24,10
LASIESTA,I_SM_07,2,37,5
LASIESTA,I_SM_07,3,45,2
LASIESTA,I_SM_07,4,48,1
LASIESTA,I_SM_07,5,50,4
LASIESTA,I_SM_07,6,55,1
LASIESTA,I_SM_07,7,57,21
LASIESTA,I_SM_07,8,79,33
LASIESTA,I_SM_07,9,113,6
LASIESTA,I_SM_07,10,121,1
LASIESTA,I_SM_07,11,125,5
LASIESTA,I_SM_07,12,131,2
LASIESTA,I_SM_07,13,134,1
LASIESTA,I_SM_07,14,137,1
LASIESTA,I_SM_07,15,139,1
LASIESTA,I_SM_07,16,141,2
LASIESTA,I_SM_07,17,144,2
LASIESTA,I_SM_07,18,147,2
LASIESTA,I_SM_07,19,151,2
LASIESTA,I_SM_07,20,159,8
LASIESTA,I_SM_07,21,168,10
LASIESTA,I_SM_07,22,179,21
LASIESTA,I_SM_07,23,201,10
LASIESTA,I_SM_07,24,212,8
LASIESTA,I_SM_07,25,221,2
LASIESTA,I_SM_07,26,224,2
LASIESTA,I_SM_07,27,231,6
LASIESTA,I_SM_07,28,239,3
LASIESTA,I_SM_07,29,243,4
LASIESTA,I_SM_07,30,253,4
LASIESTA,I_SM_07,31,258,1
LASIESTA,I_SM_07,32,262,1
LASIESTA,I_SM_07,33,264,2
LASIESTA,I_SM_07,34,267,4
LASIESTA,I_SM_07,35,272,28
LASIESTA,I_SM_08,0,1,11
LASIESTA,I_SM_08,1,13,10
LASIESTA,I_SM_08,2,24,9
LASIESTA,I_SM_08,3,36,2
LASIESTA,I_SM_08,4,43,1
LASIESTA,I_SM_08,5,48,1
LASIESTA,I_SM_08,6,56,1
LASIESTA,I_SM_08,7,59,8
LASIESTA,I_SM_08,8,68,21
LASIESTA,I_SM_08,9,90,26
LASIESTA,I_SM_08,10,120,2
LASIESTA,I_SM_08,11,123,4
LASIESTA,I_SM_08,12,128,3
LASIESTA,I_SM_08,13,134,1
LASIESTA,I_SM_08,14,136,1
LASIESTA,I_SM_08,15,139,1
LASIESTA,I_SM_08,16,142,1
LASIESTA,I_SM_08,17,144,3
LASIESTA,I_SM_08,18,149,2
LASIESTA,I_SM_08,19,152,1
LASIESTA,I_SM_08,20,157,1
LASIESTA,I_SM_08,21,159,1
LASIESTA,I_SM_08,22,163,37
LASIESTA,I_SM_08,23,201,20
LASIESTA,I_SM_08,24,228,1
LASIESTA,I_SM_08,25,236,1
LASIESTA,I_SM_08,26,238,1
LASIESTA,I_SM_08,27,240,1
LASIESTA,I_SM_08,28,248,1
LASIESTA,I_SM_08,29,251,2
LASIESTA,I_SM_08,30,261,7
LASIESTA,I_SM_08,31,273,27
LASIESTA,I_SM_09,0,0,12
LASIESTA,I_SM_09,1,13,10
LASIESTA,I_SM_09,2,24,8
LASIESTA,I_SM_09,3,34,1
LASIESTA,I_SM_09,4,39,2
LASIESTA,I_SM_09,5,45,2
LASIESTA,I_SM_09,6,49,2
LASIESTA,I_SM_09,7,53,1
LASIESTA,I_SM_09,8,56,1
LASIESTA,I_SM_09,9,59,8
LASIESTA,I_SM_09,10,68,10
LASIESTA,I_SM_09,11,79,33
LASIESTA,I_SM_09,12,113,6
LASIESTA,I_SM_09,13,120,1
LASIESTA,I_SM_09,14,122,1
LASIESTA,I_SM_09,15,125,1
LASIESTA,I_SM_09,16,127,1
LASIESTA,I_SM_09,17,129,1
LASIESTA,I_SM_09,18,131,3
LASIESTA,I_SM_09,19,138,1
LASIESTA,I_SM_09,20,148,2
LASIESTA,I_SM_09,21,153,2
LASIESTA,I_SM_09,22,158,1
LASIESTA,I_SM_09,23,161,6
LASIESTA,I_SM_09,24,168,10
LASIESTA,I_SM_09,25,179,10
LASIESTA,I_SM_09,26,190,10
LASIESTA,I_SM_09,27,201,10
LASIESTA,I_SM_09,28,212,12
LASIESTA,I_SM_09,29,226,1
LASIESTA,I_SM_09,30,228,3
LASIESTA,I_SM_09,31,232,1
LASIESTA,I_SM_09,32,236,1
LASIESTA,I_SM_09,33,238,1
LASIESTA,I_SM_09,34,243,1
LASIESTA,I_SM_09,35,248,2
LASIESTA,I_SM_09,36,251,2
LASIESTA,I_SM_09,37,256,1
LASIESTA,I_SM_09,38,258,1
LASIESTA,I_SM_09,39,260,1
LASIESTA,I_SM_09,40,264,1
LASIESTA,I_SM_09,41,267,4
LASIESTA,I_SM_09,42,272,6
LASIESTA,I_SM_09,43,279,10
LASIESTA,I_SM_09,44,290,10
LASIESTA,I_SM_10,0,2,10
LASIESTA,I_SM_10,1,13,19
LASIESTA,I_SM_10,2,34,2
LASIESTA,I_SM_10,3,40,1
LASIESTA,I_SM_10,4,42,2
LASIESTA,I_SM_10,5,45,1
LASIESTA,I_SM_10,6,47,3
LASIESTA,I_SM_10,7,52,3
LASIESTA,I_SM_10,8,56,1
LASIESTA,I_SM_10,9,59,19
LASIESTA,I_SM_10,10,79,10
LASIESTA,I_SM_10,11,90,10
LASIESTA,I_SM_10,12,101,10
LASIESTA,I_SM_10,13,112,3
LASIESTA,I_SM_10,14,116,2
LASIESTA,I_SM_10,15,121,4
LASIESTA,I_SM_10,16,126,2
LASIESTA,I_SM_10,17,129,2
LASIESTA,I_SM_10,18,133,1
LASIESTA,I_SM_10,19,135,1
LASIESTA,I_SM_10,20,137,1
LASIESTA,I_SM_10,21,142,1
LASIESTA,I_SM_10,22,144,2
LASIESTA,I_SM_10,23,147,1
LASIESTA,I_SM_10,24,151,1
LASIESTA,I_SM_10,25,154,5
LASIESTA,I_SM_10,26,160,18
LASIESTA,I_SM_10,27,179,10
LASIESTA,I_SM_10,28,190,10
LASIESTA,I_SM_10,29,201,10
LASIESTA,I_SM_10,30,212,8
LASIESTA,I_SM_10,31,222,1
LASIESTA,I_SM_10,32,228,1
LASIESTA,I_SM_10,33,230,2
LASIESTA,I_SM_10,34,234,1
LASIESTA,I_SM_10,35,237,2
LASIESTA,I_SM_10,36,241,1
LASIESTA,I_SM_10,37,246,1
LASIESTA,I_SM_10,38,248,2
LASIESTA,I_SM_10,39,251,1
LASIESTA,I_SM_10,40,254,1
LASIESTA,I_SM_10,41,256,1
LASIESTA,I_SM_10,42,258,1
LASIESTA,I_SM_10,43,260,1
LASIESTA,I_SM_10,44,262,1
LASIESTA,I_SM_10,45,264,2
LASIESTA,I_SM_10,46,268,2
LASIESTA,I_SM_10,47,271,29
LASIESTA,I_SM_11,0,1,11
LASIESTA,I_SM_11,1,13,10
LASIESTA,I_SM_11,2,24,9
LASIESTA,I_SM_11,3,40,1
LASIESTA,I_SM_11,4,44,3
LASIESTA,I_SM_11,5,48,1
LASIESTA,I_SM_11,6,50,2
LASIESTA,I_SM_11,7,53,2
LASIESTA,I_SM_11,8,59,8
LASIESTA,I_SM_11,9,68,10
LASIESTA,I_SM_11,10,79,10
LASIESTA,I_SM_11,11,90,10
LASIESTA,I_SM_11,12,101,16
LASIESTA,I_SM_11,13,121,2
LASIESTA,I_SM_11,14,124,2
LASIESTA,I_SM_11,15,127,2
LASIESTA,I_SM_11,16,131,1
LASIESTA,I_SM_11,17,133,1
LASIESTA,I_SM_11,18,139,1
LASIESTA,I_SM_11,19,142,1
LASIESTA,I_SM_11,20,144,4
LASIESTA,I_SM_11,21,157,1
LASIESTA,I_SM_11,22,161,6
LASIESTA,I_SM_11,23,168,21
LASIESTA,I_SM_11,24,190,21
LASIESTA,I_SM_11,25,212,8
LASIESTA,I_SM_11,26,221,2
LASIESTA,I_SM_11,27,224,1
LASIESTA,I_SM_11,28,228,1
LASIESTA,I_SM_11,29,231,2
LASIESTA,I_SM_11,30,240,3
LASIESTA,I_SM_11,31,244,1
LASIESTA,I_SM_11,32,247,2
LASIESTA,I_SM_11,33,254,1
LASIESTA,I_SM_11,34,257,1
LASIESTA,I_SM_11,35,263,3
LASIESTA,I_SM_11,36,268,3
LASIESTA,I_SM_11,37,273,16
LASIESTA,I_SM_11,38,290,10
LASIESTA,I_SM_12,0,2,10
LASIESTA,I_SM_12,1,13,10
LASIESTA,I_SM_12,2,24,9
LASIESTA,I_SM_12,3,34,2
LASIESTA,I_SM_12,4,42,6
LASIESTA,I_SM_12,5,49,1
LASIESTA,I_SM_12,6,51,2
LASIESTA,I_SM_12,7,54,1
LASIESTA,I_SM_12,8,56,1
LASIESTA,I_SM_12,9,58,20
LASIESTA,I_SM_12,10,79,32
LASIESTA,I_SM_12,11,112,4
LASIESTA,I_SM_12,12,117,1
LASIESTA,I_SM_12,13,119,1
LASIESTA,I_SM_12,14,121,2
LASIESTA,I_SM_12,15,125,3
LASIESTA,I_SM_12,16,130,1
LASIESTA,I_SM_12,17,141,1
LASIESTA,I_SM_12,18,143,1
LASIESTA,I_SM_12,19,145,1
LASIESTA,I_SM_12,20,151,8
LASIESTA,I_SM_12,21,162,16
LASIESTA,I_SM_12,22,179,10
LASIESTA,I_SM_12,23,190,10
LASIESTA,I_SM_12,24,201,10
LASIESTA,I_SM_12,25,212,8
LASIESTA,I_SM_12,26,223,1
LASIESTA,I_SM_12,27,228,1
LASIESTA,I_SM_12,28,232,1
LASIESTA,I_SM_12,29,234,2
LASIESTA,I_SM_12,30,237,2
LASIESTA,I_SM_12,31,243,1
LASIESTA,I_SM_12,32,246,2
LASIESTA,I_SM_12,33,249,1
LASIESTA,I_SM_12,34,251,1
LASIESTA,I_SM_12,35,256,1
LASIESTA,I_SM_12,36,258,3
LASIESTA,I_SM_12,37,262,1
LASIESTA,I_SM_12,38,269,1
LASIESTA,I_SM_12,39,273,5
LASIESTA,I_SM_12,40,279,10
LASIESTA,I_SM_12,41,290,10
LASIESTA,O_CL_01,0,0,225
LASIESTA,O_CL_02,0,2,10
LASIESTA,O_CL_02,1,13,10
LASIESTA,O_CL_02,2,24,10
LASIESTA,O_CL_02,3,35,10
LASIESTA,O_CL_02,4,46,10
LASIESTA,O_CL_02,5,57,10
LASIESTA,O_CL_02,6,68,10
LASIESTA,O_CL_02,7,79,1
LASIESTA,O_CL_02,8,82,7
LASIESTA,O_CL_02,9,90,10
LASIESTA,O_CL_02,10,101,10
LASIESTA,O_CL_02,11,113,10
LASIESTA,O_CL_02,12,124,10
LASIESTA,O_CL_02,13,135,10
LASIESTA,O_CL_02,14,146,10
LASIESTA,O_CL_02,15,157,10
LASIESTA,O_CL_02,16,168,10
LASIESTA,O_CL_02,17,179,10
LASIESTA,O_CL_02,18,190,10
LASIESTA,O_CL_02,19,201,10
LASIESTA,O_CL_02,20,212,10
LASIESTA,O_CL_02,21,224,10
LASIESTA,O_CL_02,22,235,10
LASIESTA,O_CL_02,23,246,10
LASIESTA,O_CL_02,24,257,10
LASIESTA,O_CL_02,25,268,10
LASIESTA,O_CL_02,26,279,10
LASIESTA,O_CL_02,27,290,10
LASIESTA,O_CL_02,28,301,10
LASIESTA,O_CL_02,29,312,3
LASIESTA,O_CL_02,30,421,4
LASIESTA,O_MC_01,0,0,425
LASIESTA,O_MC_02,0,0,175
LASIESTA,O_RA_01,0,0,1400
LASIESTA,O_RA_02,0,85,4
LASIESTA,O_RA_02,1,90,10
LASIESTA,O_RA_02,2,101,10
LASIESTA,O_RA_02,3,113,10
LASIESTA,O_RA_02,4,124,10
LASIESTA,O_RA_02,5,135,10
LASIESTA,O_RA_02,6,146,10
LASIESTA,O_RA_02,7,157,10
LASIESTA,O_RA_02,8,168,10
LASIESTA,O_RA_02,9,179,10
LASIESTA,O_RA_02,10,190,10
LASIESTA,O_RA_02,11,201,10
LASIESTA,O_RA_02,12,212,10
LASIESTA,O_RA_02,13,224,3
LASIESTA,O_SM_01,0,1,11
LASIESTA,O_SM_01,1,13,10
LASIESTA,O_SM_01,2,24,10
LASIESTA,O_SM_01,3,35,10
LASIESTA,O_SM_01,4,46,10
LASIESTA,O_SM_01,5,57,10
LASIESTA,O_SM_01,6,68,21
LASIESTA,O_SM_01,7,90,10
LASIESTA,O_SM_01,8,101,10
LASIESTA,O_SM_01,9,113,98
LASIESTA,O_SM_01,10,212,10
LASIESTA,O_SM_01,11,224,21
LASIESTA,O_SM_01,12,246,10
LASIESTA,O_SM_01,13,257,10
LASIESTA,O_SM_01,14,268,10
LASIESTA,O_SM_01,15,279,10
LASIESTA,O_SM_01,16,290,10
LASIESTA,O_SM_01,17,301,10
LASIESTA,O_SM_01,18,312,5
LASIESTA,O_SM_01,19,364,1
LASIESTA,O_SM_01,20,366,3
LASIESTA,O_SM_01,21,374,1
LASIESTA,O_SM_01,22,384,2
LASIESTA,O_SM_01,23,397,6
LASIESTA,O_SM_01,24,404,10
LASIESTA,O_SM_01,25,415,10
LASIESTA,O_SM_02,0,1,11
LASIESTA,O_SM_02,1,13,10
LASIESTA,O_SM_02,2,24,10
LASIESTA,O_SM_02,3,35,10
LASIESTA,O_SM_02,4,46,10
LASIESTA,O_SM_02,5,57,10
LASIESTA,O_SM_02,6,68,21
LASIESTA,O_SM_02,7,90,10
LASIESTA,O_SM_02,8,101,10
LASIESTA,O_SM_02,9,113,98
LASIESTA,O_SM_02,10,212,10
LASIESTA,O_SM_02,11,224,21
LASIESTA,O_SM_02,12,246,10
LASIESTA,O_SM_02,13,257,10
LASIESTA,O_SM_02,14,268,10
LASIESTA,O_SM_02,15,279,10
LASIESTA,O_SM_02,16,290,10
LASIESTA,O_SM_02,17,301,10
LASIESTA,O_SM_02,18,312,5
LASIESTA,O_SM_02,19,364,1
LASIESTA,O_SM_02,20,366,3
LASIESTA,O_SM_02,21,374,1
LASIESTA,O_SM_02,22,384,2
LASIESTA,O_SM_02,23,397,6
LASIESTA,O_SM_02,24,404,10
LASIESTA,O_SM_02,25,415,10
LASIESTA,O_SM_03,0,1,11
LASIESTA,O_SM_03,1,13,10
LASIESTA,O_SM_03,2,24,10
LASIESTA,O_SM_03,3,35,10
LASIESTA,O_SM_03,4,46,10
LASIESTA,O_SM_03,5,57,10
LASIESTA,O_SM_03,6,68,21
LASIESTA,O_SM_03,7,90,10
LASIESTA,O_SM_03,8,101,10
LASIESTA,O_SM_03,9,113,98
LASIESTA,O_SM_03,10,212,10
LASIESTA,O_SM_03,11,224,21
LASIESTA,O_SM_03,12,246,10
LASIESTA,O_SM_03,13,257,10
LASIESTA,O_SM_03,14,268,10
LASIESTA,O_SM_03,15,279,10
LASIESTA,O_SM_03,16,290,10
LASIESTA,O_SM_03,17,301,10
LASIESTA,O_SM_03,18,312,5
LASIESTA,O_SM_03,19,364,1
LASIESTA,O_SM_03,20,366,3
LASIESTA,O_SM_03,21,374,1
LASIESTA,O_SM_03,22,384,2
LASIESTA,O_SM_03,23,397,6
LASIESTA,O_SM_03,24,404,10
LASIESTA,O_SM_03,25,415,10
LASIESTA,O_SM_04,0,13,10
LASIESTA,O_SM_04,1,24,10
LASIESTA,O_SM_04,2,35,10
LASIESTA,O_SM_04,3,46,10
LASIESTA,O_SM_04,4,57,10
LASIESTA,O_SM_04,5,68,10
LASIESTA,O_SM_04,6,79,10
LASIESTA,O_SM_04,7,90,10
LASIESTA,O_SM_04,8,101,10
LASIESTA,O_SM_04,9,113,10
LASIESTA,O_SM_04,10,124,10
LASIESTA,O_SM_04,11,135,10
LASIESTA,O_SM_04,12,146,10
LASIESTA,O_SM_04,13,157,10
LASIESTA,O_SM_04,14,168,10
LASIESTA,O_SM_04,15,179,10
LASIESTA,O_SM_04,16,190,10
LASIESTA,O_SM_04,17,201,10
LASIESTA,O_SM_04,18,212,10
LASIESTA,O_SM_04,19,224,10
LASIESTA,O_SM_04,20,235,10
LASIESTA,O_SM_04,21,246,10
LASIESTA,O_SM_04,22,257,10
LASIESTA,O_SM_04,23,268,10
LASIESTA,O_SM_04,24,279,10
LASIESTA,O_SM_04,25,290,10
LASIESTA,O_SM_04,26,301,10
LASIESTA,O_SM_04,27,312,3
LASIESTA,O_SM_05,0,14,9
LASIESTA,O_SM_05,1,24,10
LASIESTA,O_SM_05,2,35,10
LASIESTA,O_SM_05,3,46,10
LASIESTA,O_SM_05,4,57,10
LASIESTA,O_SM_05,5,68,10
LASIESTA,O_SM_05,6,79,10
LASIESTA,O_SM_05,7,90,10
LASIESTA,O_SM_05,8,101,10
LASIESTA,O_SM_05,9,113,10
LASIESTA,O_SM_05,10,124,10
LASIESTA,O_SM_05,11,135,10
LASIESTA,O_SM_05,12,146,10
LASIESTA,O_SM_05,13,157,10
LASIESTA,O_SM_05,14,168,10
LASIESTA,O_SM_05,15,179,10
LASIESTA,O_SM_05,16,190,10
LASIESTA,O_SM_05,17,201,10
LASIESTA,O_SM_05,18,212,10
LASIESTA,O_SM_05,19,224,10
LASIESTA,O_SM_05,20,235,10
LASIESTA,O_SM_05,21,246,10
LASIESTA,O_SM_05,22,257,10
LASIESTA,O_SM_05,23,268,10
LASIESTA,O_SM_05,24,279,10
LASIESTA,O_SM_05,25,290,10
LASIESTA,O_SM_05,26,301,10
LASIESTA,O_SM_05,27,312,4
LASIESTA,O_SM_06,0,13,10
LASIESTA,O_SM_06,1,24,10
LASIESTA,O_SM_06,2,35,10
LASIESTA,O_SM_06,3,46,10
LASIESTA,O_SM_06,4,57,10
LASIESTA,O_SM_06,5,68,10
LASIESTA,O_SM_06,6,79,10
LASIESTA,O_SM_06,7,90,10
LASIESTA,O_SM_06,8,101,10
LASIESTA,O_SM_06,9,113,10
LASIESTA,O_SM_06,10,124,10
LASIESTA,O_SM_06,11,135,10
LASIESTA,O_SM_06,12,146,10
LASIESTA,O_SM_06,13,157,10
LASIESTA,O_SM_06,14,168,10
LASIESTA,O_SM_06,15,179,10
LASIESTA,O_SM_06,16,190,10
LASIESTA,O_SM_06,17,201,10
LASIESTA,O_SM_06,18,212,10
LASIESTA,O_SM_06,19,224,10
LASIESTA,O_SM_06,20,235,10
LASIESTA,O_SM_06,21,246,10
LASIESTA,O_SM_06,22,257,10
LASIESTA,O_SM_06,23,268,10
LASIESTA,O_SM_06,24,279,10
LASIESTA,O_SM_06,25,290,10
LASIESTA,O_SM_06,26,301,10
LASIESTA,O_SM_06,27,312,4
LASIESTA,O_SM_07,0,14,9
LASIESTA,O_SM_07,1,24,10
LASIESTA,O_SM_07,2,35,10
LASIESTA,O_SM_07,3,46,10
LASIESTA,O_SM_07,4,57,10
LASIESTA,O_SM_07,5,68,10
LASIESTA,O_SM_07,6,79,10
LASIESTA,O_SM_07,7,90,10
LASIESTA,O_SM_07,8,101,10
LASIESTA,O_SM_07,9,113,10
LASIESTA,O_SM_07,10,124,10
LASIESTA,O_SM_07,11,135,10
LASIESTA,O_SM_07,12,146,10
LASIESTA,O_SM_07,13,157,10
LASIESTA,O_SM_07,14,168,10
LASIESTA,O_SM_07,15,179,10
LASIESTA,O_SM_07,16,190,10
LASIESTA,O_SM_07,17,201,10
LASIESTA,O_SM_07,18,212,10
LASIESTA,O_SM_07,19,224,10
LASIESTA,O_SM_07,20,235,10
LASIESTA,O_SM_07,21,246,10
LASIESTA,O_SM_07,22,257,10
LASIESTA,O_SM_07,23,268,10
LASIESTA,O_SM_07,24,279,10
LASIESTA,O_SM_07,25,290,2
LASIESTA,O_SM_07,26,293,7
LASIESTA,O_SM_07,27,301,10
LASIESTA,O_SM_07,28,312,2
LASIESTA,O_SM_08,0,13,10
LASIESTA,O_SM_08,1,24,10
LASIESTA,O_SM_08,2,35,10
LASIESTA,O_SM_08,3,46,10
LASIESTA,O_SM_08,4,57,10
LASIESTA,O_SM_08,5,68,10
LASIESTA,O_SM_08,6,79,10
LASIESTA,O_SM_08,7,90,10
LASIESTA,O_SM_08,8,101,10
LASIESTA,O_SM_08,9,113,10
LASIESTA,O_SM_08,10,124,10
LASIESTA,O_SM_08,11,135,10
LASIESTA,O_SM_08,12,146,10
LASIESTA,O_SM_08,13,157,10
LASIESTA,O_SM_08,14,168,10
LASIESTA,O_SM_08,15,179,10
LASIESTA,O_SM_08,16,190,10
LASIESTA,O_SM_08,17,201,10
LASIESTA,O_SM_08,18,212,10
LASIESTA,O_SM_08,19,224,10
LASIESTA,O_SM_08,20,235,10
LASIESTA,O_SM_08,21,246,10
LASIESTA,O_SM_08,22,257,10
LASIESTA,O_SM_08,23,268,10
LASIESTA,O_SM_08,24,279,10
LASIESTA,O_SM_08,25,290,1
LASIESTA,O_SM_08,26,293,7
LASIESTA,O_SM_08,27,301,10
LASIESTA,O_SM_08,28,312,3
LASIESTA,O_SM_09,0,13,10
LASIESTA,O_SM_09,1,24,10
LASIESTA,O_SM_09,2,35,10
LASIESTA,O_SM_09,3,46,10
LASIESTA,O_SM_09,4,57,10
LASIESTA,O_SM_09,5,68,10
LASIESTA,O_SM_09,6,79,10
LASIESTA,O_SM_09,7,90,10
LASIESTA,O_SM_09,8,101,10
LASIESTA,O_SM_09,9,113,10
LASIESTA,O_SM_09,10,124,10
LASIESTA,O_SM_09,11,135,10
LASIESTA,O_SM_09,12,146,10
LASIESTA,O_SM_09,13,157,10
LASIESTA,O_SM_09,14,168,10
LASIESTA,O_SM_09,15,179,10
LASIESTA,O_SM_09,16,190,10
LASIESTA,O_SM_09,17,201,10
LASIESTA,O_SM_09,18,212,10
LASIESTA,O_SM_09,19,224,10
LASIESTA,O_SM_09,20,235,10
LASIESTA,O_SM_09,21,246,10
LASIESTA,O_SM_09,22,257,10
LASIESTA,O_SM_09,23,268,10
LASIESTA,O_SM_09,24,279,10
LASIESTA,O_SM_09,25,290,2
LASIESTA,O_SM_09,26,293,7
LASIESTA,O_SM_09,27,301,10
LASIESTA,O_SM_09,28,312,3
LASIESTA,O_SM_10,0,13,10
LASIESTA,O_SM_10,1,24,10
LASIESTA,O_SM_10,2,35,10
LASIESTA,O_SM_10,3,46,10
LASIESTA,O_SM_10,4,57,10
LASIESTA,O_SM_10,5,68,10
LASIESTA,O_SM_10,6,79,10
LASIESTA,O_SM_10,7,90,10
LASIESTA,O_SM_10,8,101,10
LASIESTA,O_SM_10,9,113,10
LASIESTA,O_SM_10,10,124,10
LASIESTA,O_SM_10,11,135,10
LASIESTA,O_SM_10,12,146,10
LASIESTA,O_SM_10,13,157,10
LASIESTA,O_SM_10,14,168,10
LASIESTA,O_SM_10,15,179,10
LASIESTA,O_SM_10,16,190,10
LASIESTA,O_SM_10,17,201,10
LASIESTA,O_SM_10,18,212,10
LASIESTA,O_SM_10,19,224,10
LASIESTA,O_SM_10,20,235,10
LASIESTA,O_SM_10,21,246,10
LASIESTA,O_SM_10,22,257,10
LASIESTA,O_SM_10,23,268,10
LASIESTA,O_SM_10,24,279,10
LASIESTA,O_SM_10,25,290,10
LASIESTA,O_SM_10,26,301,10
LASIESTA,O_SM_10,27,312,4
LASIESTA,O_SM_11,0,11,1
LASIESTA,O_SM_11,1,14,9
LASIESTA,O_SM_11,2,24,10
LASIESTA,O_SM_11,3,35,10
LASIESTA,O_SM_11,4,46,10
LASIESTA,O_SM_11,5,57,10
LASIESTA,O_SM_11,6,68,10
LASIESTA,O_SM_11,7,79,10
LASIESTA,O_SM_11,8,90,10
LASIESTA,O_SM_11,9,101,10
LASIESTA,O_SM_11,10,113,10
LASIESTA,O_SM_11,11,124,10
LASIESTA,O_SM_11,12,135,10
LASIESTA,O_SM_11,13,146,10
LASIESTA,O_SM_11,14,157,10
LASIESTA,O_SM_11,15,168,10
LASIESTA,O_SM_11,16,179,10
LASIESTA,O_SM_11,17,190,10
LASIESTA,O_SM_11,18,201,10
LASIESTA,O_SM_11,19,212,10
LASIESTA,O_SM_11,20,224,10
LASIESTA,O_SM_11,21,235,10
LASIESTA,O_SM_11,22,246,10
LASIESTA,O_SM_11,23,257,10
LASIESTA,O_SM_11,24,268,10
LASIESTA,O_SM_11,25,279,10
LASIESTA,O_SM_11,26,290,1
LASIESTA,O_SM_11,27,292,8
LASIESTA,O_SM_11,28,301,10
LASIESTA,O_SM_11,29,312,4
LASIESTA,O_SM_12,0,11,1
LASIESTA,O_SM_12,1,13,10
LASIESTA,O_SM_12,2,24,10
LASIESTA,O_SM_12,3,35,10
LASIESTA,O_SM_12,4,46,10
LASIESTA,O_SM_12,5,57,10
LASIESTA,O_SM_12,6,68,10
LASIESTA,O_SM_12,7,79,10
LASIESTA,O_SM_12,8,90,10
LASIESTA,O_SM_12,9,101,10
LASIESTA,O_SM_12,10,113,10
LASIESTA,O_SM_12,11,124,10
LASIESTA,O_SM_12,12,135,10
LASIESTA,O_SM_12,13,146,10
LASIESTA,O_SM_12,14,157,10
LASIESTA,O_SM_12,15,168,10
LASIESTA,O_SM_12,16,179,10
LASIESTA,O_SM_12,17,190,10
LASIESTA,O_SM_12,18,201,10
LASIESTA,O_SM_12,19,212,10
LASIESTA,O_SM_12,20,224,10
LASIESTA,O_SM_12,21,235,10
LASIESTA,O_SM_12,22,246,10
LASIESTA,O_SM_12,23,257,10
LASIESTA,O_SM_12,24,268,10
LASIESTA,O_SM_12,25,279,10
LASIESTA,O_SM_12,26,290,10
LASIESTA,O_SM_12,27,301,10
LASIESTA,O_SM_12,28,312,2
LASIESTA,O_SM_12,29,315,1
LASIESTA,O_SN_01,0,0,500
LASIESTA,O_SN_02,0,0,850
LASIESTA,O_SU_01,0,0,250
LASIESTA,O_SU_02,0,0,400
